station_name,lat,lng
Vesey St & Church St,40.71221958009051,-74.01047229766846
Lispenard St & Broadway,40.71939226,-74.00247214
3 Ave & Schermerhorn St,40.68683208,-73.9796772
E 5 St & Ave A,40.72479007746337,-73.98430064320564
W 54 St & 11 Ave,40.768292427,-73.992562771
W 59 St & 10 Ave,40.770513,-73.988038
Barrow St & Hudson St,40.73172428,-74.00674436
46 St & Queens Blvd,40.74349759836971,-73.91860529780388
W 135 St & Lenox Terrace Pl,40.813598633,-73.93923521
Prospect Pl & Nostrand Ave,40.67428,-73.9503
Court St & State St,40.6902375,-73.99203074
Underhill Ave & Pacific St,40.6804836,-73.9646795
Broadway & E 14 St,40.734629512,-73.990792036
6 Ave & W 33 St,40.748832583,-73.988827229
E 102 St & 1 Ave,40.786960125,-73.941613674
W 70 St & Amsterdam Ave,40.77748046,-73.98288594
E 20 St & Park Ave,40.73827428,-73.98751968
Berkeley Pl & 6 Ave,40.6765304,-73.97846879
South St & Whitehall St,40.70122128,-74.01234218
St Nicholas Ave & Manhattan Ave,40.809725,-73.953149
Myrtle Ave & St Edwards St,40.69327018,-73.97703874
E 82 St & East End Ave,40.7724607,-73.9468208
W 35 St & 8 Ave,40.752762088742045,-73.99280458705107
E 102 St & Park Ave,40.7904828,-73.95033068
7 Ave & Central Park South,40.766686797,-73.979666948
Lenox Ave & W 111 St,40.7987859,-73.9523
21 St & 4 Ave,40.662584,-73.995554
Creston Ave & E 181 St,40.8549,-73.90281
Jerome Ave & W 195 St,40.86874,-73.89657
31 Pl & Hunters Point Ave,40.740247965,-73.935422778
E 150 St & Gerard Ave,40.820089,-73.928947
Plaza Dr & W 170 St,40.840618849,-73.917868018
E 123 St & Lexington Ave,40.802899718,-73.937790871
1 Ave & E 30 St,40.741670251,-73.975375652
W 36 St & 9 Ave,40.75462324029105,-73.99516761302948
Graham Ave & Withers St,40.7169811,-73.94485918
Berkeley Pl & 7 Ave,40.675146838709786,-73.97523209452629
E 89 St & 3 Ave,40.780652881,-73.952193618
E 47 St & 1 Ave,40.75206862,-73.96784384
Broadway & W 29 St,40.7462009,-73.98855723
E 9 St & Avenue C,40.725150347,-73.97761178
Riverside Dr & W 104 St,40.801381111,-73.971165657
Cherry St,40.712257862,-73.979164481
Irving Ave & Palmetto St,40.698,-73.9127
Clermont Ave & Lafayette Ave,40.68764484,-73.96968902
W 111 St & 5 Ave,40.797504067,-73.949001193
3 Ave & E 71 St,40.768738866,-73.961762667
12 St & 4 Ave,40.668603,-73.9904394
Vernon Blvd & Queens Plaza S,40.754069567,-73.949435353
Manhattan Av & Leonard St,40.720795631,-73.948456764
Cumberland St & Lafayette Ave,40.687582612,-73.97269237
E 68 St & Madison Ave,40.769016266,-73.96655488
President St & 4 Ave,40.67664957,-73.98342073
Broadway & W 61 St,40.77003010255044,-73.9819684624672
9 Ave & W 219 St,40.871094,-73.911503
Macon St & Nostrand Ave,40.6809833854,-73.9500479759
Broadway & W 41 St,40.75513557,-73.98658032
W 106 St & Central Park West,40.7981856,-73.9605909006
E 72 St & Park Ave,40.77118287540658,-73.96409422159195
Delancey St & Eldridge St,40.719505548,-73.991508245
36 St & 4 Ave,40.654144,-74.00422
Wadsworth Ave & W 179 St,40.848467,-73.936064
W 50 St & 9 Ave,40.76360467795863,-73.98917958140373
31 Ave & Crescent St,40.765792966,-73.926744461
5 St & 51 Ave,40.742378592,-73.956852913
W 106 St & Amsterdam Ave,40.8008363,-73.9664492472
Putnam Ave & Ralph Ave,40.68705,-73.92338
Hancock St & Bedford Ave,40.682147741,-73.954174042
Centre St & Chambers St,40.71273266,-74.0046073
6 Ave & 9 St,40.668127,-73.98377641
Carroll St & Bond St,40.6786115,-73.99037292
Stanton St & Chrystie St,40.722269893,-73.991456628
W 20 St & 8 Ave,40.74345335,-74.00004031
Pier 40 - Hudson River Park,40.7277140777778,-74.01129573583603
Metropolitan Ave & Vandervoort Ave,40.71429,-73.93323
W Fordham Rd & Loring Pl N,40.862880707,-73.90713048
Van Sinderen Ave & Truxton St,40.6786,-73.90369
W 44 St & 5 Ave,40.75500254,-73.98014437
Front St & Gold St,40.70224,-73.982578
30 St & 4 Ave,40.657743,-74.001141
Park Ave & St Edwards St,40.69608941,-73.97803415
Congress St & Clinton St,40.688138843,-73.995523572
Jay St & York St,40.70140317257725,-73.98672670125961
Norfolk St & Broome St,40.717295289,-73.988007069
Borden Ave & Review Ave,40.738670468,-73.941221595
51 St & 43 Ave,40.744572043,-73.914027333
Water St & Gouverneur Ln,40.70469667894968,-74.00803416967392
W 56 St & 8 Ave,40.765959181657976,-73.98313522338867
S 3 St & Bedford Ave,40.712645292,-73.962722659
E 91 St & Park Ave,40.783622265,-73.9553684
Kent Ave & Division Ave,40.706563674670925,-73.9683187007904
Morton St & West St,40.73142106543068,-74.01077985769007
Stanton St & Norfolk St,40.720747,-73.986274
Bushwick Ave & Powers St,40.712540627,-73.941092968
West St & Chambers St,40.71754834,-74.01322069
Reade St & Broadway,40.71450451,-74.00562789
William St & Pine St,40.70717936,-74.00887308
Smith St & 9 St,40.6746957,-73.99785768
Willoughby Ave & Walworth St,40.69331716,-73.95381995
Devoe St & Morgan Ave,40.713811,-73.93515
Broadway & W 51 St,40.76228826,-73.98336183
Driggs Ave & Lorimer St,40.721791029,-73.950374484
10 Ave & W 28 St,40.75066386,-74.00176802
Central Ave & Starr Street,40.699990273,-73.928364873
Great Jones St,40.72743423,-73.99379025
Greenpoint Ave & 47 St,40.7424,-73.91808
Lawrence St & Willoughby St,40.691988945,-73.986588001
W 35 St & Dyer Ave,40.754727602,-73.997512579
Bedford Ave & Montgomery St,40.665816,-73.956934
W Broadway & W Houston St,40.726378,-74.000472
Flushing Ave & Vanderbilt Ave,40.697897792,-73.970710397
48 St & Barnett Ave,40.75001640425933,-73.91540944576263
Grand Army Plaza & Central Park S,40.76411128,-73.974061847
W 37 St & Broadway,40.75227093837409,-73.98770570755005
Forsyth St & Broome St,40.71893904,-73.99266288
Boston Rd & Prospect Ave,40.833240747,-73.896654367
Adelphi St & Myrtle Ave,40.693063974,-73.971737385
Lewis Ave & Greene Ave,40.689967036,-73.936527848
W 165 St & Fort Washington Ave,40.84004,-73.942939
Menahan St & Central Ave,40.69543,-73.9196
Adam Clayton Powell Blvd & W 141 St,40.819241,-73.941057
St Nicholas Ave & W 150 St,40.827212,-73.942722
Calyer St & Guernsey St,40.72755807335852,-73.95505852997303
5 Ave & E 78 St,40.77632142182271,-73.96427392959595
Sheridan Ave & E 172 St,40.840494752,-73.91150856
E 53 St & Lexington Ave,40.758419394,-73.970475912
3 Ave & 14 St,40.668623447,-73.993127942
E 2 St & Avenue C,40.720887303,-73.981083035
River Ave & E 151 St,40.822047353,-73.928994298
Union Ave & E 169 St,40.82995,-73.898802
Washington Ave & Greene Ave,40.68650065,-73.96563307
Franklin St & Dupont St,40.73564,-73.95866
Allen St & Rivington St,40.72019576,-73.98997825
3 St & Prospect Park West,40.668191791,-73.973520994
W 51 St & Rockefeller Plaza,40.75973805251143,-73.97811613976955
Davidson Ave & W Burnside Ave,40.853597283,-73.90875268
Parade Pl & Crooke Ave,40.651847,-73.965248
Andrews Ave S & W 179 St,40.855161667,-73.912899375
10 Ave & W 215 St,40.869063258,-73.915403843
Pinehurst Ave & W 187 St,40.855331,-73.937878
Wyckoff Ave & Cooper Ave,40.69338,-73.90061
E 31 St & 3 Ave,40.743961811,-73.979817986
E 88 St & Park Ave,40.781032443,-73.955887437
W 110 St & Amsterdam Ave,40.802692,-73.96295
E 141 St & Jackson Ave,40.807030559,-73.911972284
Courtlandt Ave & E 149 St,40.816380978,-73.919529319
Park Ave & E 162 St,40.825683236,-73.915598512
2 Ave & 43 St,40.652816772,-74.012888312
Crescent St & 35 Ave,40.759558916,-73.932174087
Center Blvd & 48 Ave,40.745038,-73.957539
McDonald Ave & Vanderbilt St,40.651814938,-73.981257796
23 Rd & 31 St,40.77336750284339,-73.91382560133934
Knickerbocker Ave & Hancock St,40.69385,-73.90974
W 40 St & 7 Ave,40.754818,-73.988154
Morningside Dr & Amsterdam Ave,40.81028506306003,-73.95736455917358
36 St & Hunters Point Ave,40.7367661,-73.931406617
Cadman Plaza E & Tillary St,40.69597683,-73.99014892
Willis Ave & Bruckner Blvd,40.80565536,-73.925053596
Beaver St & Fayette St,40.70099,-73.93921
6 Ave & 60 St,40.638292909,-74.013702273
Lincoln Pl & Nostrand Ave,40.67077,-73.9507
Lenox Ave & W 140 St,40.817245,-73.938787
Ogden Ave & W 164 St,40.832812,-73.929372
Isham St & Broadway,40.86783874,-73.919592738
Grand Concourse & East Mount Eden Ave,40.843159914,-73.911698222
Suydam St & St. Nicholas Ave,40.70636,-73.91945
Church Ave & Story St,40.642031,-73.981073
31 Ave & 57 St,40.757347107,-73.904671669
Webb Ave & W 190 St,40.866142869,-73.904200554
Crescent St & 30 Ave,40.768692,-73.9249574
Prospect Pl & Howard Ave,40.672575831,-73.91993165
W 204 St & Nagle Ave,40.863211,-73.920827
E 167 St & Franklin Ave,40.829074264,-73.905335188
Rogers Pl & E 165 St,40.82388366441761,-73.8974027708582
E 171 St & 3 Ave,40.837186217,-73.902207136
Brook Ave & E 138 St,40.807408,-73.91924
Jerome Ave & W Fordham Rd,40.86303401,-73.900784016
23 St & 3 Ave,40.662611,-73.998623
Greenwood Ave & E 4 St,40.650789499,-73.977747917
E 16 St & 5 Ave,40.737280607,-73.992585301
Warren St & Smith St,40.68542400997018,-73.99127773940563
E 3 St & Church Ave,40.643814802,-73.977532148
Ditmars Blvd & 19 St,40.781340122,-73.918146729
Suydam St & Broadway,40.69544,-73.93223
36 St & Ditmars Blvd,40.774306,-73.908335
W 89 St & Columbus Ave,40.7882213,-73.97041561
34 Ave & 48 St,40.75388,-73.914952
Hudson St & Reade St,40.716306925,-74.009134412
Wilson Ave & Troutman St,40.70166,-73.92754
Washington Square E,40.73049393,-73.9957214
39 Dr & 52 St,40.74732,-73.91197
Centre St & Worth St,40.715046763,-74.002285957
E 118 St & 3 Ave,40.799209595,-73.938977361
30 Ave & 41 St,40.763422,-73.914142
5 Ave & E 29 St,40.7451677,-73.98683077
E 50 St & Park Ave,40.757334,-73.974235
E 169 St & Webster Ave,40.834015,-73.908863
3 Ave & Carroll St,40.677027,-73.9865
University Ave & W Burnside Ave,40.855361581,-73.910455942
39 Ave & 45 St,40.749488711,-73.918245196
Bleecker St & Crosby St,40.72615604980408,-73.99510189890862
Sands St & Jay St,40.700110435,-73.985933423
Crescent St & Ditmars Blvd,40.778736115,-73.914580703
Clinton St & Centre St,40.67434,-74.00194698
55 St & Northern Blvd,40.75312829,-73.905897141
Myrtle Ave & Marcy Ave,40.69539817,-73.94954908
Pacific St & Thomas S. Boyland St,40.67568,-73.91396
Barry St & Tiffany St,40.816126,-73.891559
59 St & 5 Ave,40.640168309,-74.015764356
E 156 St & Courtlandt Ave,40.82123860172,-73.9173299074173
72 St & 41 Ave,40.744651437,-73.893821239
Bay St & Court St,40.671421409,-74.00155139
Andrew Ave N & Hall of Fame Tce,40.8584342,-73.909999013
Bushwick Ave & Linden St,40.69146,-73.92146
W 37 St & 5 Ave,40.75038009,-73.98338988
Monroe St & Patchen Ave,40.68814,-73.92693
10 Ave & W 207 St,40.864632,-73.918598
53 St & 4 Ave,40.644862,-74.014531
48 St & 2 Ave,40.65006125,-74.015574336
Fulton St & William St,40.70960089363537,-74.00655090808868
Decatur Ave & Oliver Pl,40.867,-73.8857764
E 25 St & 1 Ave,40.7381765,-73.97738662
Columbia Heights & Cranberry St,40.700379,-73.995481
Webster Ave & Ford St,40.855450869,-73.89621067
47 Ave & Skillman Ave,40.743720055,-73.941850185
Bailey Ave & W 193 St,40.87069,-73.90678
Weeks Ave & E 175 St,40.846879,-73.907342
Tinton Ave & E 165 St,40.82483089,-73.902443886
31 St & Astoria Blvd,40.7699176,-73.9184057
Queens Blvd & 56 St,40.741932511,-73.908886194
E 134 St & Walnut Ave,40.800425,-73.911034
Herkimer St & Eastern Pkwy,40.67738,-73.90829
Amsterdam Ave & W 125 St,40.813358,-73.956461
Grand St & Elizabeth St,40.718822,-73.99596
5 St & Market St,40.6999974843885,-73.97440128028393
E 44 St & Lexington Ave,40.752643,-73.974996
Lefferts Pl & Franklin Ave,40.680244923,-73.955939412
Montrose Ave & Bushwick Ave,40.70767788,-73.94016171
E 10 St & 2 Ave,40.72970805644994,-73.9865979552269
Perry St & Greenwich Ave,40.73593545,-74.000877738
Steinway St & 28 Ave,40.7656251,-73.9136695
Wards Meadow Comfort Station,40.783002734,-73.930675149
Adam Clayton Powell Blvd & W 130 St,40.812346,-73.946168
Amsterdam Ave & W 119 St,40.80854404,-73.959682226
21 St & 36 Ave,40.7601853,-73.9362726
Hudson St & W 13 St,40.74005708567285,-74.0052741765976
Stagg St & Morgan Ave,40.710681,-73.93372
Leonard St & Maujer St,40.710328341,-73.946982861
Hancock St & Wyckoff Ave,40.6972,-73.90674
Driggs Ave & N Henry St,40.72325,-73.94308
DeKalb Ave & Vanderbilt Ave,40.689390898,-73.968931913
S 4 St & Rodney St,40.70934,-73.95608
Adam Clayton Powell Blvd & W 123 St,40.807739496,-73.949050069
Adam Clayton Powell Blvd & W 151 St,40.825297832,-73.936254621
30 Ave & 47 St,40.761294,-73.909562
W 11 St & 6 Ave,40.735324,-73.998004
Madison Ave & E 120 St,40.80295,-73.942954
Greenpoint Ave & Manhattan Ave,40.73026,-73.95394
E 7 St & Avenue A,40.72621788,-73.98379855
E 81 St & 3 Ave,40.77573034,-73.9567526
4 Ave & Shore Road Dr,40.637033,-74.022141
Willoughby Ave & Wyckoff Ave,40.705614,-73.92153
8 Ave & W 31 St,40.7505853470215,-73.9946848154068
Grand Ave & W 181 St,40.85629189,-73.907375216
E 41 St & Madison Ave (SW corner),40.752165280621966,-73.97992193698882
W 17 St & 8 Ave,40.74177603,-74.00149746
Peck Slip & South St,40.707799435,-74.00131464
Riverside Dr & W 148 St,40.829246163,-73.95034039
Bergen St & Vanderbilt Ave,40.679402947,-73.967800617
Knickerbocker Ave & Thames St,40.705511689,-73.929879546
Southern Blvd & E 149 St,40.811840773,-73.904167652
Vernon Blvd & 47 Rd,40.7449067,-73.9534573
Clay Ave & E 173 St,40.843264,-73.904867
Center Blvd & 51 Ave,40.74336608027021,-73.95960688591003
8 Ave & W 38 St,40.754410625,-73.992011666
South St & Pike St,40.70991806921533,-73.99161100387573
Fairview Ave & Linden St,40.707049966,-73.906176567
E Tremont Ave & Jerome Ave,40.851674199,-73.908850312
3 Ave & E 62 St,40.76312584,-73.96526895
E 25 St & 2 Ave,40.738910198,-73.979758859
W 52 St & 6 Ave,40.76132983124814,-73.97982001304626
St James Pl & Pearl St,40.711162329,-74.000311136
Henry St & Middagh St,40.700357437,-73.991422892
Washington Pl & 6 Ave,40.73224119,-74.00026394
Park Pl & Franklin Ave,40.6741806,-73.9564947
34 Ave & 31 St,40.759604471387945,-73.92714411020279
Windsor Pl & Howard Pl,40.65949055893896,-73.98013919591904
Flushing Ave & Woodward Ave,40.712418556,-73.91876781
W 20 St & 10 Ave,40.745686,-74.005141
W 54 St & 9 Ave,40.765815139,-73.986789227
Fulton St & Adams St,40.69241829257847,-73.98949474096298
Adam Clayton Powell Blvd & W 126 St,40.809248924,-73.94784224
3 St & 7 Ave,40.6703837,-73.97839676
Church St & Worth St,40.716993332,-74.006334424
5 Ave & E 63 St,40.766397953,-73.971589208
Morris Ave & E 171 St,40.83902061,-73.910863996
Lenox Ave & W 117 St,40.8025566,-73.9490782
Pleasant Ave & E 116 St,40.7949879,-73.9333349
Hudson Blvd W & W 36 St,40.756924987,-73.999601007
Grand Army Plaza & Plaza St West,40.6729679,-73.97087984
W 13 St & 7 Ave,40.73781509,-73.99994661
E 15 St & 3 Ave,40.734178185,-73.987047791
Halsey St & Evergreen Ave,40.68858,-73.91227
5 Ave & E 103 St,40.7922553,-73.95249933
11 Ave & W 27 St,40.751396,-74.005226
Vernon Blvd & 50 Ave,40.74232744,-73.95411749
Thomas S. Boyland St & Marion St,40.681601048,-73.914065003
Mott St & Prince St,40.723111272,-73.99493885
W 41 St & 8 Ave,40.75640548,-73.9900262
Willoughby Ave & Tompkins Ave,40.69425403,-73.94626915
Bridge St & Water St,40.70296934155272,-73.98469090461731
Broadway & W 138 St,40.821633339,-73.953632116
E 85 St & East End Ave,40.77431811327392,-73.94548773765564
Bayard St & Baxter St,40.71602118,-73.99974372
Broadway & W 53 St,40.76344058,-73.98268129
E 53 St & 3 Ave,40.757511854,-73.969077706
Cooper Square & Astor Pl,40.72951496224949,-73.99075269699097
Lewis Ave & Madison St,40.686312,-73.935775
Morgan Ave & Maspeth Ave,40.716657,-73.93637
Carroll St & Rochester Ave,40.666050434,-73.92837894
Monroe St & Bedford Ave,40.6851443,-73.95380904
Scholes St & Manhattan Ave,40.70870368,-73.9448625
W 22 St & 10 Ave,40.74691959,-74.00451887
Sharon St & Olive St,40.71534162042448,-73.93865078687668
Central Ave & Decatur St,40.6882,-73.90798
57 St & 1 Ave,40.646377,-74.023087
Central Ave & Flushing Ave,40.702831,-73.9333
Harrison Pl & Porter Ave,40.706894994,-73.92847681
Westchester Ave & Southern Blvd,40.824966788,-73.891682267
7 St & 3 Ave,40.67260298150126,-73.98983001708984
Evergreen Ave & Noll St,40.70106,-73.93318
E 3 St & 1 Ave,40.72467721,-73.98783413
New York Ave & St Marks Ave,40.67514,-73.94716
Kane St & Clinton St,40.6861758,-73.99645295
35 St & 23 Ave,40.772941351,-73.911354899
Troy Ave & Park Pl,40.67251,-73.93642
Central Park West & W 68 St,40.7734066,-73.97782542
W 67 St & Broadway,40.77492513,-73.98266566
6 St & 7 Ave,40.668750763,-73.980013013
E 32 St & Park Ave,40.7457121,-73.98194829
Columbus Ave & W 95 St,40.7919557,-73.968087
W 53 St & 10 Ave,40.76669671,-73.99061728
W 107 St & Columbus Ave,40.799805403,-73.962078691
E 5 St & Cooper Sq,40.72769,-73.990993
E 55 St & 2 Ave,40.75797322,-73.96603308
E 160 St & Tinton Ave,40.82023108,-73.903865337
Whitehall St & Bridge St,40.70366170524135,-74.0131813287735
Wolcott St & Dwight St,40.6753274,-74.0100698
31 Ave & 14 St,40.7682,-73.9322662
West St & Liberty St,40.711444,-74.014847
Harrison St & Hudson St,40.718789697,-74.009055734
Pleasant Ave & E 120 St,40.7974772,-73.9311847
Boerum St & Broadway,40.70538077,-73.94976519
Van Dam St & Greenpoint Ave,40.734523177,-73.937826276
Riverside Dr & W 78 St,40.78414472,-73.98362492
Jerome Ave & E 164 St,40.831444,-73.926226
Putnam Ave & Throop Ave,40.685166955,-73.941200972
Willoughby St & Fleet St,40.69196566,-73.9813018
W 116 St & Amsterdam Ave,40.8067581,-73.9607082
Montague St & Clinton St,40.694168806,-73.992102504
W 63 St & Broadway,40.771686077,-73.982769132
Avenue D & E 3 St,40.720890999,-73.978158116
Sterling Pl & 5 Ave,40.679005504,-73.978327155
Roebling St & N 4 St,40.71469,-73.95739
Forest Ave & Summerfield St,40.69922,-73.89795
Crotona Park North & Prospect Ave,40.841159344,-73.892497659
Old Slip & South St,40.703754544,-74.008142233
Spring St & Hudson St,40.72583996792375,-74.0076532959938
46 Ave & 5 St,40.747267008,-73.954433918
7 Ave & 62 St,40.635497332,-74.013089061
E 7 St & Ave B,40.7251285241158,-73.98131668567657
10 St & 7 Ave,40.666197181,-73.981958032
Cadman Plaza E & Red Cross Pl,40.69991755,-73.98971773
Albany Ave & Park Pl,40.673089862,-73.93903327
George St & Wilson Ave,40.702997,-73.92997
Madison St & Forest Ave,40.70555,-73.90245
7 Ave & 20 St,40.659053,-73.98854
2 Ave & E 104 St,40.789128423,-73.943727136
Lenox Ave & W 130 St,40.810724497,-73.943194389
41 St & 4 Ave,40.651354,-74.007168
39 St & 47 Ave,40.74215636827728,-73.92662644386292
Prospect Ave & Longwood Ave,40.81899,-73.90202
E 106 St & 2 Ave,40.790586067792006,-73.94195795059204
Broadway & W 220 St,40.872412,-73.912807
Gerard Ave & McClellan St,40.834102511,-73.921122551
Jerome Ave & W 184 St,40.860814,-73.902541
W 100 St & Broadway,40.7973721,-73.97041192
W 30 St & 10 Ave,40.752694,-74.002353
Sands St Gate,40.699569,-73.979827
Park Pl & Thomas S. Boyland St,40.67154,-73.91433
East End Ave & E 86 St,40.77518615,-73.94446054
Macon St & Lewis Ave,40.68282,-73.93488
36 St & 47 Ave,40.742245913,-73.92937398
E 2 St & Avenue A,40.723297715,-73.98613739
Cabrini Blvd & W 177 St,40.848433495,-73.941274881
Broadway & Roebling St,40.70924826276157,-73.96063148975372
E 10 St & Avenue A,40.72740794,-73.98142006
27 St & Hunter St,40.748596907,-73.941151023
E 14 St & Avenue B,40.729427218,-73.977837801
Jerome Ave & Bedford Park Blvd E,40.872953892,-73.889737964
Nagle Ave & Thayer St,40.861479521,-73.925227761
Jerome Ave & E 181 St,40.855657816,-73.905549288
Hoyt St & Warren St,40.684328198,-73.988945127
E 118 St & Park Ave,40.800510168,-73.941949129
Kenmare St & Elizabeth St,40.72054,-73.9949
6 Ave & W 34 St,40.749585986,-73.988007545
Franklin Ave & St Marks Ave,40.6758324,-73.9561677
Lafayette Ave & St James Pl,40.68851534,-73.9647628
Westchester Ave & Longwood Ave,40.819834828,-73.90106678
Edgecombe Ave & W 145 St,40.823443294,-73.944169164
MacDougal St & Prince St,40.72710258,-74.00297088
7 Ave & 40 St,40.648231626,-74.000044227
President St & Henry St,40.682742596,-73.999856234
Columbia St & Degraw St,40.6859296,-74.00242364
Madison Ave & E 82 St,40.778039575,-73.960771203
E 81 St & Park Ave,40.77677702,-73.9590097
Beck St & Leggett Ave,40.815260768,-73.899861455
39 St & Queens Blvd,40.74431,-73.92601
Fort Washington Ave & W 183 St,40.852252,-73.937854
3 St & 3 Ave,40.6750705,-73.98775226
Hunts Point Ave & Bryant Ave,40.814220786,-73.885690808
69 St & 43 Ave,40.741885424,-73.89566803
41 St & 3 Ave,40.652512,-74.008906
Pacific St & Rochester Ave,40.67648828,-73.927447677
48 St & 50 Ave,40.7374264,-73.918044925
W 146 St & Broadway,40.826921225,-73.949770927
W 42 St & 8 Ave,40.757429957,-73.991392136
Thomas S. Boyland St & Fulton St,40.67854,-73.91367
1 St & 6 Ave,40.672784,-73.979826
31 St & Hoyt Ave N,40.7711528,-73.9170074
61 St & Laurel Hill Blvd,40.7388,-73.90338
Ryer Ave & E 182 St,40.855889678,-73.899652719
E 6 St & Avenue B,40.72478497,-73.982273579
E 6 St & Avenue D,40.722326279,-73.976558924
Washington Pl & Broadway,40.72903917,-73.99404649
Carroll St & Franklin Ave,40.667840481,-73.958763123
Wilkins Ave & Crotona Park E,40.835302,-73.895133
E 53 St & Madison Ave,40.759548306,-73.973831058
Emerson Pl & Myrtle Ave,40.693558574,-73.962168336
Goble Pl & Macombs Rd,40.844041228,-73.917167068
E 174 St & Longfellow Ave,40.836317539,-73.884461641
E 19 St & 3 Ave,40.73624527,-73.98473765
MacDougal St & Washington Sq,40.73226398,-73.99852205
7 Ave & 41 St,40.647379,-74.000911
5 Ave & E 87 St,40.78232260730881,-73.95987510681152
Henry St & Bay St,40.6725058,-74.00494695
40 St & Queens Blvd,40.743540273428685,-73.92435193061829
Harlem River Dr & W 155 St,40.830476,-73.939929
39 St & 50 Ave,40.738207459,-73.927499294
Lexington Ave & E 111 St,40.795177221,-73.944177032
Moffat St & Bushwick,40.68458,-73.90925
Amsterdam Ave & W 156 St,40.832008123,-73.942628384
E 155 St & Courtlandt Ave,40.820709944,-73.917430639
5 Ave & E 135 St,40.812191,-73.937838
E 106 St & Lexington Ave,40.791988373,-73.945916653
Riverside Dr & W 91 St,40.793064833,-73.977023721
2 Ave & E 96 St,40.7839636,-73.9471673
1 Ave & E 62 St,40.761164427,-73.960904837
49 Ave & 21 St,40.74252,-73.948852
Decatur St & Saratoga Ave,40.68332,-73.91711
Cleveland Pl & Spring St,40.722103786686034,-73.99724900722504
Frederick Douglass Blvd & W 117 St,40.805143833,-73.954761744
2 Ave & E 99 St,40.786474586,-73.945435643
E 40 St & Park Ave,40.750756,-73.978326
Nevins St & Schermerhorn St,40.68737247650719,-73.98176059126854
Riverside Dr & W 72 St,40.78057799010334,-73.98562431335449
Lexington Ave & E 128 St,40.806542635,-73.935952663
Frederick Douglass Blvd & W 115 St,40.803911567,-73.955812931
Mercer St & Spring St,40.72362738,-73.99949601
46 St & 7 Ave,40.644763947,-74.003771424
Madison St & Clinton St,40.71269042,-73.98776323
Kingston Ave & Park Pl,40.67317152,-73.941943526
28 St & 41 Ave,40.751047,-73.93797
Albemarle Rd & McDonald Ave,40.645074,-73.979681
Wakeman Pl & Ridge Blvd,40.639375687,-74.026797771
E 76 St & Park Ave,40.773763,-73.96222088
River Ter & Warren St,40.717599,-74.01588
Herkimer St & New York Ave,40.679523706,-73.947209001
Humboldt St & Varet St,40.703110218,-73.940682411
Woodward Ave & Harman St,40.707977414,-73.910996199
30 Ave & 12 St,40.77171710520828,-73.93159255385399
Southern Blvd & E 142 St,40.807402968,-73.908029675
3 Ave & Franklin Ave,40.82696,-73.907451
33 St & Queens Blvd,40.7443653191867,-73.93172398209572
31 Ave & 34 St,40.763129234,-73.920861483
Carmine St & 6 Ave,40.73038599,-74.00214988
Prospect Park W & 20 St,40.656633,-73.983864
Edgecombe Ave & W 141 St,40.820625901,-73.945234418
W 204 St & Vermilyea Ave,40.866235971,-73.922778606
Walton Ave & E 168 St,40.83665359,-73.918256879
Henry St & Degraw St,40.6847514,-73.99917254
Jackson Ave & 46 Rd,40.745290995,-73.947255254
Willis Ave & E 143 St,40.812404871,-73.920294046
Halsey St & Ralph Ave,40.684914708,-73.922790527
W 36 St & 7 Ave,40.751930475,-73.989459157
Sterling Pl & Bedford Ave,40.672713399,-73.953940868
Schermerhorn St & Court St,40.691088676,-73.991980791
Grand Concourse & E 167 St,40.8342731,-73.91761148
MacDonough St & Malcolm X Blvd,40.68273,-73.92926
Waterloo Pl & Crotona Park East,40.839308023,-73.888552547
Lenox Ave & W 144 St,40.819877386,-73.936517358
W 190 St & St. Nicholas Ave,40.854788,-73.929513
W 144 St & Adam Clayton Powell Blvd,40.820862293,-73.939232469
24 Ave & 26 St,40.774734735,-73.918717027
Caton Ave & E 10 St,40.648481,-73.97058
Broadway & W 58 St,40.76695317,-73.98169333
E 81 St & York Ave,40.7728384,-73.94989233
E 56 St & Madison Ave,40.761630177,-73.97292614
E 77 St & 3 Ave,40.773328304,-73.95891118
Banker St & Meserole Ave,40.726066947,-73.956094623
Lenox Ave & W 115 St,40.801100254,-73.950146675
W 44 St & 11 Ave,40.762009,-73.996975
Lexington Ave & Classon Ave,40.686787248,-73.959186196
Carroll St & 6 Ave,40.6740886,-73.9787282
Bond St & Bergen St,40.6849668,-73.98620772
2 Ave & E 72 St,40.7687620293096,-73.95840793848038
John St & William St,40.708759308,-74.006148934
Bainbridge Ave & E 196 St,40.866465688,-73.890636921
E 149 St & Eagle Ave,40.814046,-73.91186
Cedar Ave & W Fordham Rd,40.861434102,-73.912345648
E 174 St & Walton Ave,40.844722748,-73.911962509
Westchester Ave & Jackson Ave,40.816030502,-73.908155918
Morris Ave & McClellan St,40.831635118,-73.914909244
5 Av & W 139 St,40.815484,-73.935856
Cauldwell Ave & E 161 St,40.82188,-73.907521
E 167 St & Clay Ave,40.830924153,-73.911231041
Buchanan Pl & Grand Ave,40.858573794,-73.906325459
Sheridan Ave & E 168 St,40.835289836,-73.915451169
MacDougal St & Rockaway Ave,40.680237889,-73.911631107
Putnam Ave & Knickerbocker Ave,40.69552505,-73.911713719
34th Ave & Vernon Blvd,40.76535380385866,-73.93986314535141
E 138 St & Park Ave,40.812785268,-73.929331064
Vesey Pl & River Terrace,40.7153379,-74.01658354
Frederick Douglass Blvd & W 129 St,40.812416434,-73.94931519
W 56 St & 10 Ave,40.768254,-73.988639
9 Ave & W 45 St,40.76031518,-73.991211295
Central Ave & Covert St,40.68929,-73.90951
10 St & 5 Ave,40.6686273,-73.98700053
E 156 & Brook Ave,40.819852471,-73.912408352
43 Ave & 47 St,40.744806528,-73.917264104
Prospect Park West & 8 St,40.665075183,-73.976287246
E 170 St & Webster Ave,40.836064339,-73.907115459
S 4 St & Wythe Ave,40.71285887,-73.96590294
W 84 St & Broadway,40.786754727,-73.976969004
1 Ave & E 44 St,40.75001986,-73.96905301
N 12 St & Bedford Ave,40.720879793,-73.954965353
Amsterdam Ave & W 73 St,40.77966809007312,-73.98093044757842
4 Ave & E 12 St,40.732647,-73.99011
Monroe St & Tompkins Ave,40.686203,-73.944694
E 149 St & Morris Ave,40.817341566,-73.923002601
Patchen Ave & Bainbridge St,40.68143,-73.92565
8 Ave & W 49 St,40.762003541,-73.986676693
Park Cir & East Dr,40.651566,-73.972212
Lexington Ave & E 120 St,40.80136919,-73.939411044
Cathedral Pkwy & Broadway,40.804213,-73.96699104
Steinway St & Ditmars Blvd,40.772658587,-73.906179547
40 Ave & 9 St,40.75747931,-73.945165873
4 Ave & 3 St,40.673746,-73.985649
Graham Ave & Herbert St,40.71929301,-73.94500379
W 17 St & 7 Ave,40.74056423633952,-73.99852573871613
Hancock St & Stuyvesant Ave,40.68454,-73.9322
Perry St & Bleecker St,40.73535398,-74.00483091
E 12 St & 3 Ave,40.732349157,-73.988524914
FDR Drive & E 35 St,40.744219,-73.97121214
E 98 St & Park Ave,40.78813,-73.95206
Leonard St & Boerum St,40.70577848,-73.946422219
Eastern Pkwy & Washington Ave,40.671671629,-73.963164687
Forsyth St & Grand St,40.71779817737835,-73.99316132068634
Dock 72 Way & Market St,40.69985,-73.97141
Flatbush Ave & Ocean Ave,40.663657,-73.963014
Sigourney St & Columbia St,40.672836304,-74.009067893
Ocean Pkwy & Church Ave,40.64471895763575,-73.97451460361481
Valentine Ave & E 183 St,40.856990576,-73.898232341
Stephen St & Seneca Ave,40.6988,-73.9007
48 St & 5 Ave,40.646409273,-74.009182453
4 Ave & 26 St,40.660079,-73.998633
8 Ave & W 24 St,40.745787024,-73.998184681
E 40 St & 5 Ave,40.751868248,-73.981897116
Frederick Douglass Blvd & Harlem River Dr,40.830808282,-73.936329722
Nostrand Ave & Myrtle Ave,40.69527008,-73.95238108
Gansevoort St & Hudson St,40.73944820130404,-74.00507032871246
Jerome Ave & Anderson Ave,40.830179,-73.928747
72 St & Woodside Ave,40.742846012,-73.892869353
Cauldwell Ave & E 158 St,40.81989,-73.908351
Ditmars Blvd & 43 St,40.771203,-73.903865
Tyler Ave & Maurice Ave,40.73394,-73.90128
62 St & 4 Ave,40.639957309,-74.019879937
65 St & 35 Ave,40.75053,-73.8977
31 St & Broadway,40.761584,-73.925921
Bulova Ave & Brooklyn Queens Expressway W,40.762507,-73.902534
Prospect Ave & E 167 St,40.826307535,-73.898795843
21 St & 43 Ave,40.75052534,-73.94594845
University Ave & Brandt Pl,40.848421216,-73.91830337
E 20 St & 2 Ave,40.73587678,-73.98205027
55 St & 5 Ave,40.642408,-74.013318
Eastern Pkwy & Ralph Ave,40.668546677,-73.922946095
Anthony Ave & E 175 St,40.846364379,-73.903699398
19 St & 24 Ave,40.777810216,-73.922227144
Steinway St & 21 Ave,40.774935007,-73.903650284
Brevoort Pl & Bedford Ave,40.68012,-73.95362
Amsterdam Ave & W 82 St,40.78524672,-73.97667321
31 Rd & 21 St,40.766824,-73.930486
45 St & 4 Ave,40.649145,-74.009486
Union Ave & Jackson St,40.7160751,-73.952029
Grove St & Broadway,40.69047,-73.923511
64 St & 51 Ave,40.73577,-73.90184
39 Ave & 54 St,40.74891,-73.90899
49 St & 31 Ave,40.758057,-73.909831
20 Ave & 38 St,40.777112,-73.902382
28 Ave & 44 St,40.76408932350688,-73.91065120697021
21 Ave & Shore Blvd,40.783976674,-73.916832566
38 St & Northern Blvd,40.752372,-73.925384
Prospect Park SW & 16 St,40.657305002,-73.974200249
Steinway St & 19 Ave,40.778077126,-73.899616957
Grand Concourse & E 197 St,40.869498849,-73.891482592
Stuyvesant Walk & 1 Av Loop,40.732339777151054,-73.97898383438587
6 Ave & Broome St,40.724743128,-74.00466001
Central Park W & W 91 St,40.78866499127884,-73.96680057048798
48 St & Skillman Ave,40.74622874694195,-73.91616314649582
Marion Ave & Mosholu Pkwy,40.870631337,-73.881732106
Jerome Ave & E Mosholu Parkway S,40.87935,-73.88534
College Ave & E 170 St,40.837603331,-73.91051352
N Moore St & Hudson St,40.720046639,-74.008317232
34 St & 35 Ave,40.756882071,-73.926178098
Intervale Ave & Kelly St,40.827485561,-73.896233678
Valentine Ave & E 181 St,40.854123869116,-73.89932222664356
Buffalo Ave & E New York Ave,40.66591,-73.92602
50 St & Barnett Ave,40.749958873,-73.91353929
51 Ave & 61 St,40.73568,-73.90387
Sterling Pl & Ralph Ave,40.670959711,-73.922136664
Prospect Ave & Jennings St,40.831679344,-73.896860123
Broadway & Berry St,40.71036129922581,-73.96530389785767
Henry St & Grand St,40.714211,-73.981095
W 84 St & Columbus Ave,40.785157204,-73.972609162
E 89 St & York Ave,40.7779453,-73.946041
Commerce St & Van Brunt St,40.6812117,-74.00860912
W 55 St & 6 Ave,40.763189,-73.978434
7 Ave & Park Pl,40.677444458,-73.973377228
E 85 St & 3 Ave,40.77801203,-73.95407149
Amsterdam Ave & W 172 St,40.842069268,-73.935199618
E 30 St & Park Ave S,40.744469881,-73.983048558
India St Pier,40.731734785883454,-73.9612390102593
Union St & Nevins St,40.679120064,-73.987555981
Union Ave & Wallabout St,40.70029511,-73.95032283
W 87 St & West End Ave,40.789622,-73.97757
Powers St & Olive St,40.71323,-73.93894
Broadway & W 168 St,40.84089603193041,-73.93972098827362
Stockholm St & Wilson Ave,40.699416757,-73.922902703
Washington St & Laight St,40.72231,-74.0106
Grand Concourse & E 171 St,40.839549,-73.913004
Gerard Ave & E 165 St,40.831911564,-73.922555923
Wyckoff Av & Jefferson St,40.707261324,-73.923724651
E 165 St & Fox St,40.82394,-73.894025
46 St & 30 Rd,40.76072,-73.910989
Myrtle Ave & Grove St,40.699052811,-73.915196061
W 92 St & Broadway,40.792496085,-73.97393477
E 157 St & River Ave,40.825737,-73.927311
Engert Ave & McGuinness Blvd,40.72158,-73.94546
Driggs Ave & N 9 St,40.71816969454208,-73.95520135760307
E 51 St & 2 Ave,40.755293,-73.967641
E 47 St & 2 Ave,40.75323098,-73.97032517
Broadway & W 122 St,40.812096596,-73.961250067
38 St & 30 Ave,40.764174520197685,-73.91583994030952
Adam Clayton Powell Blvd & W 115 St,40.802535,-73.9532423
E 66 St & Madison Ave,40.768128514,-73.968559504
Fulton St & Waverly Ave,40.68323865460341,-73.96599590778351
34 Ave & 38 St,40.756913,-73.921631
31 Ave & 30 St,40.7647,-73.9240312
Allen St & Stanton St,40.722055,-73.989111
E 138 St & Cypress Ave,40.805595636,-73.914718151
Prospect Park SW & Greenwood Ave,40.652563,-73.972573
Pacific St & Utica Ave,40.6767,-73.93051
Carlton Ave & Dean St,40.681000471,-73.97104466
Eastern Pkwy & Rochester Ave,40.668460131,-73.92808795
Bergen St & 4 Ave,40.68256425759694,-73.9798977971077
Broadway & Madison St,40.688235044,-73.919628024
Albany Ave & Fulton St,40.6800105,-73.938475
Amsterdam Ave & W 131 St,40.816238403,-73.954406381
Dahill Rd & 12 Ave,40.645918489,-73.980935097
Pike St & Monroe St,40.711966395,-73.99194181
Marcus Garvey Blvd & Macon St,40.682556987,-73.937884688
27 Ave & 3 St,40.77485,-73.9342
E 27 St & 1 Ave,40.739445,-73.976806
E 47 St & Park Ave,40.75510267,-73.97498696
Greene Ave & Nostrand Ave,40.6883337,-73.950916
2 Ave & E 31 St,40.74290902,-73.97706058
E 43 St & 2 Ave,40.750333071,-73.970947504
Cliff St & Fulton St,40.70836401,-74.004748344
Kent Ave & N 7 St,40.72036775298455,-73.96165072917938
Lexington Ave & E 26 St,40.741459,-73.983293
Gerard Ave & E 146 St,40.817755,-73.92965
W 113 St & Broadway,40.80585897,-73.964672446
E 167 St & Bryant Ave,40.826717257,-73.888692856
E 128 St & 3 Ave,40.805631,-73.934077
Greenwich Ave & Charles St,40.735238,-74.000271
6 Ave & 55 St,40.640663266,-74.011108994
W 140 St & Riverside Dr,40.824013,-73.954743
E 135 St & St Ann's Ave,40.805106044,-73.919041634
Woodside Ave & 60 St,40.74521,-73.90462
Walton Ave & E 183 St,40.858611703,-73.902664661
Onderdonk Ave & Dekalb Ave,40.70863,-73.91497
Willis Ave & E 141 St,40.810851097,-73.921702266
St Marks Ave & Ralph Ave,40.67372,-73.92199
Pacific St & Classon Ave,40.679193974,-73.959039807
57 St & 43 Ave,40.743119121,-73.908019781
27 Ave & 9 St,40.7739825,-73.9309134
Pacific St & Nevins St,40.685426116,-73.98248899
St Johns Pl & Washington Ave,40.6737236,-73.9631611
Paul Ave & Mosholu Pkwy,40.8802945,-73.8860653648
Sterling Pl & New York Ave,40.672383308,-73.947655439
Amsterdam Ave & W 162 St,40.83618,-73.939789
50 St & 7 Ave,40.64248836,-74.006065965
E 11 St & 3 Ave,40.73127,-73.98849
2 Ave & E 29 St,40.74172351097472,-73.97809267044067
Rutgers St & Henry St,40.71332151208186,-73.99009689688683
9 Ave & W 22 St,40.745389342,-74.002099752
E 67 St & Park Ave,40.76780080148132,-73.96592080593109
Broadway & E 19 St,40.73866091428551,-73.98987293243407
Lexington Ave & E 36 St,40.7475739589548,-73.9788007736206
E 56 St & 3 Ave,40.75934501,-73.96759673
Broadway & 49 St,40.755265117,-73.911235809
60 Pl & Linden St,40.708714843,-73.901698947
2 Ave & 44 St,40.652297616,-74.013540983
W 218 St & Broadway,40.871503592,-73.914527535
W 192 St & University Ave,40.866972208,-73.901901007
57 St & 4 Ave,40.642634034,-74.016981363
W 15 St & 7 Ave,40.73935542,-73.99931783
Avenue D & E 12 St,40.72580614,-73.97422494
Faile St & Garrison Ave,40.820637465,-73.888326168
E 33 St & 5 Ave,40.74765947,-73.98490707
E 97 St & Madison Ave,40.787801,-73.953559
Lafayette Ave & Stuyvesant Ave,40.6919925157634,-73.9325501024723
Adam Clayton Powell Blvd & W 132 St,40.813713193,-73.945129037
44 St & 3 Ave,40.651173,-74.011405
Douglass St & 3 Ave,40.680229187,-73.984377027
Grand Concourse & E 196 St,40.867549062,-73.893000484
Woodside Ave & 55 St,40.74679,-73.90893
Sunken Meadow Comfort Station,40.79558,-73.91906
Stanton St & Mangin St,40.717871189,-73.976215482
West End Ave & W 78 St,40.783786,-73.981687
Academy St & Nagle Ave,40.862584472,-73.922689319
Union St & 4 Ave,40.677147627,-73.982627988
3 Ave & E 163 St,40.82387054,-73.908653975
Hanson Pl & Ashland Pl,40.68506807308177,-73.97790759801863
Garfield Pl & 8 Ave,40.6711978,-73.97484126
Railroad Ave & Kay Ave,40.705562711,-73.970961928
Franklin Ave & Myrtle Ave,40.694546087246025,-73.95801365375519
St. Ann's Av & Bruckner Blvd,40.803399,-73.919763
Ralph Ave & Fulton St,40.67922,-73.92192
Westchester Ave & E 156 St,40.817799091,-73.905306816
W 35 St & 9 Ave,40.75414519263519,-73.9960889518261
W 116 St & Broadway,40.8082,-73.9641
21 St & 38 Ave,40.7576314,-73.9391224
Morningside Ave & W 123 St,40.81,-73.9551508
E Fordham Rd & Webster Ave,40.861666083,-73.890948057
53 St & 2 Ave,40.64744,-74.018846
Warren St & W Broadway,40.714599252,-74.008743405
Pike St & E Broadway,40.71406667,-73.99293911
Henry St & Atlantic Ave,40.690974474,-73.996230006
W 13 St & 5 Ave,40.735445,-73.99431
6 Ave & Canal St,40.72243797,-74.00566443
E Houston St & Columbia St,40.719676971,-73.978527427
55 St & 7 Ave,40.639673,-74.008957
4 Ave & 9 St,40.6705135,-73.98876585
Rockaway Ave & Bainbridge St,40.68319988172761,-73.91166642308235
E 2 St & 2 Ave,40.72502876,-73.99069656
Willoughby Ave & Hall St,40.69196035,-73.96536851
Jerome Ave & E 198 St,40.87143743,-73.892668724
Fulton St & Broadway,40.711066,-74.009447
West Thames St,40.708349466,-74.017247319
W 160 St & St. Nicholas Ave,40.834456563,-73.93988502
W 33 St & 10 Ave,40.753587008,-73.998990178
Van Brunt St & Wolcott St,40.6773429,-74.01275056
Nassau Ave & Russell St,40.72557,-73.94434
Charlotte St & Boston Rd,40.8358771,-73.8931428
Bedford Ave & S 9 St,40.70853074,-73.96408963
Dean St & Hoyt St,40.686248779,-73.986994863
Division St & Bowery,40.714193,-73.996732
21 St & 23 Ave,40.778557,-73.919046
Washington St & Barrow St,40.731901526,-74.008889675
E 106 St & Madison Ave,40.79340148,-73.949312687
Greenwich St & Hubert St,40.721220493,-74.009841442
Mercer St & Bleecker St,40.72706363348306,-73.99662137031554
45 Rd & 11 St,40.747121453,-73.94974649
Nassau Ave & Newell St,40.724812564400175,-73.94752621650696
41 Ave & 67 St,40.74446,-73.89764
Grand St & Havemeyer St,40.71286844,-73.95698119
4 Ave & 17 St,40.665507,-73.993037
Van Buren St & Broadway,40.692118645,-73.92607379
Warren St & Court St,40.686415434,-73.993772388
46 St & 25 Ave,40.765753,-73.90676
6 Ave & Walker St,40.719767928,-74.005238533
W 42 St & Dyer Ave,40.75898481399634,-73.99379968643188
University Pl & E 14 St,40.734814,-73.992085
N 11 St & Kent Ave,40.722388029,-73.959052563
Jackson St & Leonard St,40.71638031973561,-73.94821286201477
E 17 St & Broadway,40.73704984,-73.99009296
24 St & 41 Ave,40.752434373,-73.940050364
E 6 St & 2 Ave,40.72737869323223,-73.98840844631195
Astoria Park S & Shore Blvd,40.7767,-73.927631
Marcy Ave & Lafayette Ave,40.6900815,-73.947915
8 Ave & W 27 St,40.748179793,-73.996457219
Ft. Hamilton Pkwy & E 5 St,40.648959637,-73.976980567
Old Fulton St,40.70277159,-73.99383605
E Mosholu Pkwy & Van Cortlandt Ave E,40.876479983,-73.883600473
6 Ave & 21 St,40.660226107,-73.991006136
Bushwick Ave & Forrest St,40.700765014,-73.936518192
Clay Ave & Claremont Pkwy,40.83999,-73.90549
Lenox Ave & W 126 St,40.808442,-73.9452087
Lexington Ave & E 24 St,40.74025878,-73.98409214
E 13 St & 2 Ave,40.73153937464073,-73.9853024482727
West End Ave & W 60 St,40.77237,-73.99005
Kent St & McGuinness Blvd,40.731296659,-73.951546073
Bedford Ave & Nassau Ave,40.723134398,-73.95212698
11 Ave & W 41 St,40.760447621,-73.998857617
Vernon Blvd & 31 Ave,40.7692475,-73.9354504
48 Ave & 5 St,40.74436328706688,-73.9558732509613
Washington Park,40.6917823,-73.9737299
31 St & Ditmars Blvd,40.776168,-73.910485
Nassau St & Navy St,40.698412299,-73.980977893
Melrose Ave & E 150 St,40.816846371,-73.91727531
E 133 St & Cypress Pl,40.802582264,-73.917288542
Fulton St & Clermont Ave,40.68415748,-73.96922273
Chester Ave & 12 Ave,40.644367,-73.984276
Amsterdam Ave & W 175 St,40.844044,-73.933651
Central Park North & Adam Clayton Powell Blvd,40.799484,-73.955613
W 49 St & 8 Ave,40.762333274,-73.98843205
W 21 St & 6 Ave,40.74173969,-73.99415556
E 12 St & Ave C,40.727243,-73.976831
W 22 St & 8 Ave,40.74475148,-73.99915362
Ave D & E 8 St,40.723692536,-73.975721002
Kosciuszko St & Nostrand Ave,40.69072549,-73.95133465
Leonard St & Nassau Ave,40.723902941,-73.949899316
Congress St & Hicks St,40.689371228,-73.999450326
W 51 St & 6 Ave,40.7606597,-73.98042047
Spruce St & Gold St,40.7103231,-74.0043228
E 118 St & 1 Ave,40.797525406,-73.935092688
Franklin Ave & E 169 St,40.83171,-73.90208
Ft. Washington Ave & W 190 St,40.856906,-73.935662
Walton Ave & E 153 St,40.822351,-73.926907
Brook Ave & E 157 St,40.820909619,-73.911658406
St Nicholas Ave & W 134 St,40.816450834,-73.948630095
Amsterdam Ave & W 136 St,40.819746,-73.951819
Pioneer St & Van Brunt St,40.679249525,-74.011413574
Menahan St & Seneca Ave,40.704616785,-73.910617232
Broadway & W 192 St,40.857994,-73.932173
Riverside Dr & W 138 St,40.823168,-73.955857
Longwood Ave & Southern Blvd,40.816343,-73.896447
Broadway & Whipple St,40.7016657,-73.9437303
Fulton St & Irving Pl,40.681774139,-73.959206939
Devoe St & Lorimer St,40.71335226222875,-73.9491033554077
Broadway & Morris St,40.705945132708806,-74.01321887969969
2 Ave & E 125 St,40.802554,-73.933509
48 Ave & 41 St,40.739865065,-73.923756719
Monroe St & Classon Ave,40.6845683,-73.95881081
W 104 St & Amsterdam Ave,40.799064875,-73.966511607
Bruckner Blvd & Bryant Ave,40.821928859,-73.888570786
St. Nicholas Ave & W 157 St,40.832314,-73.94102
India St & Manhattan Ave,40.73232194,-73.9550858
E 39 St & 2 Ave,40.74803319428767,-73.973827958107
Plaza St West & Flatbush Ave,40.6750207,-73.97111473
Grand Concourse & E 205 St,40.875531,-73.8863864831
Frost St & Meeker Ave,40.71766197083994,-73.94880026578903
Hazen St & 20 Ave,40.772160649,-73.894995093
Stewart Ave & Johnson Ave,40.708659887,-73.925756693
2 Ave & 39 St,40.655722167971554,-74.01000827550888
65 St & Roosevelt Ave,40.745680571,-73.899178386
E 51 St & 1 Ave,40.754664063,-73.966005445
Convent Ave & W 135 St,40.818215,-73.950988
Broadway & W 48 St,40.76017739537783,-73.98486793041229
43 St & Broadway,40.7577284,-73.9166368
Madison St & Cypress Ave,40.70062387,-73.90741694
Grand Concourse & E 164 St,40.82959497,-73.921519399
E 72 St & York Ave,40.76663814,-73.95348296
Putnam Ave & Nostrand Ave,40.684045911,-73.949807763
E 51 St & Lexington Ave,40.75714758,-73.97207836
W 31 St & 7 Ave,40.749156,-73.9916
E 144 St & Brook Ave,40.811675,-73.917037
Bedford Park Blvd & Paul Ave,40.874489784,-73.891947389
River Ave & McClellan St,40.83406,-73.92243
Centre St & Seneca Ave,40.69969,-73.9022
Old Broadway & W 133 St,40.818366766,-73.955267549
37 St & 24 Ave,40.7701477,-73.9120938
River Ave & E 153 St,40.82441,-73.92818
Washington Ave & E 167 St,40.829896808,-73.90756166
34 Ave & 21 St,40.7628138,-73.9342862
Norman St & Wyckoff Ave,40.695242286,-73.903050661
Somers St & Rockaway Ave,40.67872,-73.91105
Townsend Ave & E 175 St,40.847388268,-73.911300778
E Tremont Ave & E 176 St,40.847798,-73.901883
31 St & Northern Blvd,40.75186951421875,-73.93349289894103
Bergen Ave & E 152 St,40.817282438,-73.914712787
Bainbridge Ave & E 193 St,40.863875747,-73.892458558
Pacific St & Smith St,40.687880939612775,-73.98939281702042
Concourse Village West & E 156 St,40.823343873,-73.92318666
Willoughby Ave & Myrtle Ave,40.69757,-73.93098
Waterbury St & Stagg St,40.710215688,-73.9373523
Grand Concourse & E 175 St,40.84627592921954,-73.90931278467178
3 Ave & 17 St,40.666168,-73.995549
Montgomery St & Franklin Ave,40.666440725,-73.960556269
Lafayette Ave & Hunts Point Ave,40.81657064,-73.888257504
Ditmars Blvd & 48 St,40.769219,-73.901001
Pacific St & Ralph Ave,40.676116228,-73.921589732
Flatbush Ave & Eastern Pkwy,40.668757,-73.966438
Dyckman St & Henshaw St,40.867493391,-73.929494739
Clinton St & Cherry St,40.711471394469264,-73.98672603070736
W 15 St & 10 Ave,40.742614627,-74.007337451
Market St & Cherry St,40.71084547,-73.993968368
Bushwick Ave & Furman Ave,40.682764888,-73.906015515
Duffield St & Willoughby St,40.692216,-73.984284
Suydam St & Knickerbocker Ave,40.70206213,-73.923749685
Cypress Ave & George St,40.698215365,-73.902880192
W 90 St & Amsterdam Ave,40.79017948095081,-73.97288918495178
Hope St & Union Ave,40.71167351,-73.95141312
E 65 St & 2 Ave,40.76441288,-73.962092638
43 Ave & 40 St,40.745723963,-73.924159169
Lafayette Ave & Classon Ave,40.68900443,-73.96023854
Knickerbocker Ave & Halsey St,40.693,-73.90824
Creston Ave & E 178 St,40.851041079,-73.906283736
Bergen St & Buffalo Ave,40.6747,-73.92512
65 St & Otto Rd,40.703925252,-73.891128063
58 St & 2 Ave,40.644520521,-74.021560431
E Mosholu Pkwy & E 204 St,40.874115944,-73.883375406
E 106 St & 1 Ave,40.7892529,-73.93956237
Fulton Ave & E 172 St,40.839229,-73.899047
46 St & 28 Ave,40.763328,-73.908782
3 Ave & Wakeman Pl,40.638246,-74.024714
Fulton Ave & E 168 St,40.830449939,-73.904535055
Southpoint Park,40.753632307,-73.958809495
63 St & 5 Ave,40.63766,-74.01782
Southern Blvd & Avenue St. John,40.812769,-73.901583
Sumpter St & Fulton St,40.679208636,-73.925931454
MacDonough St & Marcy Ave,40.680870175,-73.946031928
E 141 St & St Ann's Ave,40.808633,-73.916124
W 171 St & St. Nicholas Ave,40.842960715,-73.938634157
W Tremont Ave & Matthewson Rd,40.853859067,-73.920819998
University Pl & E 8 St,40.73143724085228,-73.99490341544151
Sullivan St & Washington Sq,40.73047747,-73.99906065
12 Ave & W 125 St,40.818299,-73.960405
Washington Ave & E 163 St,40.82397449,-73.910966039
W 34 St & 11 Ave,40.756002545,-74.002211094
Melrose St & Broadway,40.697674513,-73.936008573
Myrtle Ave & Fleet Pl,40.693534,-73.981909
Clinton Ave & Flushing Ave,40.69794,-73.96986848
W 37 St & 10 Ave,40.757367969,-73.99823606
Clinton St & 4 Place,40.6783563,-74.00014502
43 St & 35 Ave,40.754101634,-73.919559956
W 159 St & Edgecombe Ave,40.833368421,-73.939376593
61 St & 60 Ln,40.70055,-73.8943
43 St & Skillman Ave,40.74692675687384,-73.9208248257637
37 Ave & 63 St,40.74893,-73.89981
Page Pl & Grand Ave,40.71798,-73.91818
5 Ave & 37 St,40.652540445,-74.002478123
47 St & 3 Ave,40.649143,-74.012384
Dyckman St & 10 Ave,40.858964324,-73.923094511
E 165 St & Jerome Ave,40.83263,-73.925101
46 St & 6 Ave,40.645921,-74.005708
Irving Ave & Harman St,40.701105714,-73.918023944
Pitt St & Stanton St,40.71926081,-73.98178024
51 St & Hobart St,40.75767234025041,-73.90769943594933
Shore Blvd & Astoria Park,40.77977,-73.923162
Putnam Ave & Wyckoff Ave,40.698108792,-73.908994913
21 Ave & 80 St,40.770888,-73.889914
Wilson Ave & Moffat St,40.68906,-73.90506
Woodside Ave & 69 St,40.7428,-73.89584
Prospect Ave & Vanderbilt St,40.653368,-73.976291
Amsterdam Ave & W 66 St,40.774497747,-73.984540939
Knickerbocker Ave & Moffat St,40.69056654,-73.903941154
Botanical Sq & Webster Ave,40.86814,-73.88145
31 Ave & 61 St,40.757560134,-73.901561975
Grand St & Samuel Dickstein Plaza,40.71511871996496,-73.98417055606842
Broadway & W 56 St,40.7652654,-73.98192338
Union Ave & N 12 St,40.71909976,-73.952370644
W 18 St & 6 Ave,40.7395612,-73.994435549
Franklin St & W Broadway,40.71911552,-74.00666661
McGuinness Blvd & Eagle St,40.73555,-73.95284
Cambridge Pl & Gates Ave,40.68488,-73.96304
E 169 St & Fox St,40.827155828,-73.893586278
9 Ave & W 18 St,40.743315816,-74.00358355
W 42 St & 6 Ave,40.755238771,-73.98448801
8 Ave & W 52 St,40.76370739,-73.9851615
36 St & 3 Ave,40.655779362,-74.006880164
Little West St & 1 Pl,40.70569254,-74.01677685
W 26 St & 8 Ave,40.74734825,-73.99723551
W 120 St & Claremont Ave,40.810940266,-73.963416457
S Portland Ave & Hanson Pl,40.685490608,-73.974308252
White St & Johnson Ave,40.707174,-73.93581
E 4 St & 2 Ave,40.7262807,-73.98978041
DeKalb Ave & Hudson Ave,40.689888,-73.981013
Albee Square W & Fulton St,40.69068758614303,-73.98347854614258
Thompson St & Bleecker St,40.72840059450829,-73.99968780577183
W 82 St & Central Park West,40.78275,-73.97137
8 Ave & W 33 St,40.751551,-73.993934
Fulton Ave & St. Paul's Pl,40.83545,-73.90153
Degraw St & Smith St,40.6829151,-73.99318208
Queens Plaza North & Crescent St,40.751066446,-73.940684438
Windsor Pl & 8 Ave,40.660849929,-73.983057857
10 St & 2 Ave,40.671907,-73.993612
Classon Ave & St Marks Ave,40.676513,-73.959431
Broadway & 51 St,40.754164,-73.908906
38 Ave & 29 St,40.754812837,-73.933771849
Dawson St & Intervale Ave,40.819931984,-73.897378802
Audubon Ave & Fort George Ave,40.85715781391904,-73.92717361450195
10 Ave & W 204 St,40.862638,-73.92006
69 St & 38 Ave,40.74694504524519,-73.89650255441666
Sedgwick Ave & Hall of Fame Tce,40.859532,-73.913303
Cypress Ave & Palmetto St,40.70157340873792,-73.90876293182373
Onderdonk Ave & Gates Ave,40.70413,-73.90737
Smith St & 3 St,40.67865777,-73.995978236
Lexington Ave & E 29 St,40.74311555376486,-73.98215353488922
Jay St & Tech Pl,40.695126891,-73.986993313
Greenwich St & W Houston St,40.728683591,-74.008491874
Eastern Pkwy & Franklin Ave,40.6707767,-73.9576801
Grand Concourse & E 144 St,40.816693187,-73.928003669
W 47 St & 6 Ave,40.758397,-73.98255
58 St & Pier 4,40.646475,-74.026081
W 64 St & Thelonious Monk Circle,40.774974465,-73.989200115
E 68 St & 3 Ave,40.76712840349542,-73.96224617958069
Margaret Corbin Plz & Ft Washington Ave,40.859200835,-73.933865428
St. Johns Pl & Kingston Ave,40.67110002,-73.942213535
Grand Concourse & E 166 St,40.832002521,-73.91978395
Goulden Ave & Bedford Park Blvd W,40.87400341,-73.895237923
10 Ave & W 202 St,40.86109519,-73.921579361
Prospect Ave & Greenwood Ave,40.651745,-73.975988
Soissons Landing,40.69231660719192,-74.01486575603485
34 St & 4 Ave,40.655278,-74.003101
34 Ave & 13 St,40.76395452,-73.936510921
Catherine St & Monroe St,40.710906267,-73.996767759
E 60 St & York Ave,40.759107,-73.959223
Bank St & Hudson St,40.736349583,-74.006101489
Walker St & Baxter St,40.717411,-73.999573
Kosciuszko St & Tompkins Ave,40.69128258,-73.9452416
Richards St & Delavan St,40.679437876,-74.007941127
South St & Broad St,40.70188858913366,-74.01089876890182
Frederick Douglass Blvd & W 112 St,40.801448703,-73.957473993
Morton St & Washington St,40.731081128,-74.008494735
3 St & Hoyt St,40.677637577,-73.993463993
E 201 St & Briggs Ave,40.87207,-73.88459
43 St & 23 Ave,40.769792199,-73.90591383
34 St & 5 Ave,40.654098,-74.001131
Edgecombe Ave & W 167 St,40.838191,-73.936085
E 43 St & Madison Ave,40.75354681867074,-73.97896572947502
Wales Ave & E 147 St,40.811314,-73.907729
Madison St & Evergreen Ave,40.69122,-73.91693
29 St & 5 Ave,40.657055855,-73.998240948
Ditmars Blvd & 73 St,40.768146038,-73.896439791
Frost St & Debevoise Ave,40.71882,-73.93948
36 St & Queens Blvd,40.744094968,-73.929021478
19 St & 8 Ave,40.658489,-73.985543
Linden St & Knickerbocker Ave,40.69714,-73.91566
E 93 St & 2 Ave,40.782454175279874,-73.9489196240902
E 8 St & Caton Ave,40.648055,-73.972432
E 132 St & Madison Ave,40.810124636,-73.937134147
Menahan St & Onderdonk Ave,40.705752254,-73.909606338
Seaman Ave & Isham St,40.870085597,-73.920650363
1 Ave & E 78 St,40.77140426,-73.9535166
Henry St & Remsen St,40.69400964865994,-73.99465128779411
Greene St & Prince St,40.725179195,-73.999234796
21 St & Hoyt Ave S,40.774759412,-73.923549175
E 35 St & Madison Ave,40.74848023448579,-73.98255586624146
Broadway & Moylan Pl,40.8143256,-73.9590255
Clinton St & Union St,40.683388472,-73.997575998
Park Pl & Church St,40.71334184275907,-74.00935515761375
Madison St & Montgomery St,40.713147521,-73.984755635
W 133 St & 12 Ave,40.820003,-73.959089
Greenwich Ave & 8 Ave,40.7390169121,-74.0026376103
Orchard St & Grand St,40.717318403855785,-73.99067759513855
Forsyth St & Canal St,40.7158155,-73.99422366
3 Ave & E 170 St,40.834950447,-73.903599024
E 27 St & Park Ave S,40.74275179648995,-73.9847157150507
53 St & 5 Ave,40.643300891,-74.011824608
Union St & Bedford Ave,40.6691783,-73.9554162
Featherbed Ln & Jerome Ave,40.845505,-73.914311
Seaman Ave & Beak St,40.867505,-73.926363
Bronx Shore Comfort Station,40.80046,-73.92404
Goulden Ave & W 205 St,40.878262043,-73.8918221
West Farms Rd & Boone Ave,40.830340743,-73.886182308
W 163 St & Edgecombe Ave,40.835798,-73.937496
65 St & 2 Ave,40.640434027,-74.025573134
34 St & 48 Ave,40.740927219,-73.931531906
Longfellow Ave & E 165 St,40.825359464,-73.88773334
Dean St & Rockaway Ave,40.67486,-73.91123
Macombs Rd & W 175 St,40.848186612,-73.916086674
47 Ave & 31 St,40.743018985,-73.935491204
Seneca Ave & Irvine St,40.818623662,-73.888787508
76 St & 21 Ave,40.770180225,-73.893651843
W 176 St & Montgomery Ave,40.849629,-73.919205
Walnut Ave & E 136 St,40.801657,-73.909513
Crescent St & 34 Ave,40.76108,-73.930562
Greene Av & Myrtle Av,40.698568,-73.918877
3 Ave & E 112 St,40.795603275,-73.941581964
Dock St & Front St,40.702817678,-73.992601633
62 St & Northern Blvd,40.754245639,-73.900356412
Cypress Hills St & Otto Rd,40.702052832,-73.892868161
61 St & Queens Blvd,40.740959644,-73.902698159
Avenue D & E 10 St,40.725091338,-73.975188255
South St & Gouverneur Ln,40.703596354,-74.006759405
E 163 St & Tiffany St,40.821075,-73.895069
W 50 St & 10 Ave,40.764832973,-73.991994023
Clinton St & Joralemon St,40.69239502,-73.99337909
6 Ave & 12 St,40.6663181,-73.9854617
Jefferson St & Cypress Ave,40.708985686,-73.921504259
Macombs Pl & W 152 St,40.826465487,-73.937927961
17 St & 5 Ave,40.663493,-73.991007
8 St & Astoria Blvd,40.7725996921817,-73.93266275525093
50 St & Northern Blvd,40.753566384,-73.912321091
Stanhope St & Fairview Ave,40.70998,-73.91116
Greene Ave & Grandview Ave,40.709697,-73.907856
34 Ave & 45 St,40.754795,-73.917014
Crotona Park East & E 173 St,40.837015033,-73.8903054
Division Ave & Marcy Ave,40.70708701,-73.95796783
St Johns Pl & Howard Ave,40.66992,-73.92002
E 88 St & 1 Ave,40.778301,-73.9488134
31 Ave & Steinway St,40.7611488,-73.9170071
E 74 St & 1 Ave,40.7689738,-73.95482273
E 80 St & 2 Ave,40.77391390238118,-73.9543953537941
St. Nicholas Ave & W 126 St,40.8114323,-73.9518776
Morris Ave & E 153 St,40.819961429,-73.921578765
Front St & Jay St,40.702471375,-73.986766458
Stuyvesant Ave & Gates Ave,40.68834,-73.93306
52 St & 6 Ave,40.642739415,-74.009578705
Adam Clayton Powell Blvd & W 118 St,40.804372,-73.951475
E 138 St & 5 Av,40.81449,-73.936153
W 148 St & Amsterdam Ave,40.827050567,-73.945941567
St. Nicholas Terrace & Convent Ave,40.821019769,-73.947753668
Myrtle Ave & Linden St,40.699443698,-73.913280964
Bayard St & Leonard St,40.71915571696044,-73.94885390996933
3 Ave & E 174 St,40.842037201,-73.898569703
W 10 St & Washington St,40.73342399437081,-74.00851495563984
Sterling Pl & Rochester Ave,40.67128,-73.92825
Hart St & Wyckoff Ave,40.704876,-73.919911
Bushwick Ave & Harman St,40.693622947,-73.925296068
Southern Blvd & Tiffany St,40.818168044,-73.894303203
E 45 St & 3 Ave,40.752653956,-73.972679138
Broadway & W 153 St,40.831327,-73.946665
Broadway & W 165 St,40.839039803,-73.941354871
Metropolitan Ave & Stewart Ave,40.714017272,-73.927794576
W 180 St & Ft Washington Ave,40.849972,-73.938423
E 128 St & Madison Ave,40.807549119,-73.938973904
Nassau St & Duffield St,40.698433876,-73.98333931
Caton Ave & E 7 St,40.647718,-73.973663
Eastern Pkwy & Troy Ave,40.66929,-73.93679
62 St & 34 Ave,40.751921296,-73.89983511
Riverside Dr & W 153 St,40.831995606,-73.949715614
Broadway & W 142 St,40.824791312,-73.952033997
Roosevelt Island Tramway,40.757284,-73.9536
Broadway & W 185 St,40.85247016,-73.934504032
College Ave & E 169 St,40.835122799036405,-73.91196817159653
Park Pl & Utica Ave,40.672333241,-73.931169271
Ogden Ave & Merriam Ave,40.839133263,-73.925996661
Bainbridge Ave & E 198 St,40.868447781,-73.888523936
Decatur Ave & E 197 St,40.86557,-73.88807
Nelson Ave & W 172 St,40.843866587,-73.920994163
61 St & 39 Ave,40.7471,-73.9028
7 Ave & 22 St,40.658034801,-73.989645958
Throop Ave & Myrtle Ave,40.69622937,-73.94371094
Broadway & W 25 St,40.742733955,-73.989184141
Steinway St & 23 Ave,40.77137053,-73.907745004
Broadway & W 38 St,40.7529728216068,-73.98734897375107
Central Park West & W 76 St,40.779046297,-73.97372818
51 St & Queens Blvd,40.7429,-73.91395
Murray St & Greenwich St,40.71485150526252,-74.01122331619263
W 26 St & 10 Ave,40.749752045,-74.003113866
E 44 St & 2 Ave,40.75118387463277,-73.97138714790344
Bradley Ave & Greenpoint Ave,40.735792756,-73.934781432
E 58 St & 1 Ave (NW Corner),40.759125,-73.962658
Suffolk St & Stanton St,40.72066442,-73.98517977
Bus Slip & State St,40.701907,-74.013942
W 16 St & The High Line,40.74334935,-74.00681753
Clinton St & Grand St,40.71559509,-73.9870295
W 27 St & 7 Ave,40.746647,-73.993915
Pearl St & York St,40.70140463410644,-73.98768022656441
Douglass St & 4 Ave,40.6792788,-73.98154004
24 St & 5 Ave,40.659496665,-73.994928598
Wyckoff Av & Stanhope St,40.703545,-73.917775
W 129 St & Convent Ave,40.814511776,-73.953387976
Concord St & Bridge St,40.69766564,-73.98476437
10 Ave & W 14 St,40.741907954,-74.00828135
LaGuardia Pl & W 3 St,40.72917025,-73.99810231
48 St & 37 Ave,40.751555,-73.915026
E 161 St & Park Ave,40.824811,-73.916407
Greene Ave & Throop Ave,40.6894932,-73.942061
W 95 St & Broadway,40.7937704,-73.971888
W 43 St & 10 Ave,40.76009437,-73.99461843
Bradhurst Ave & W 148 St,40.824983478,-73.941777587
Atlantic Ave & Fort Greene Pl,40.68382604,-73.97632328
Newtown Ave & 23 St,40.771370769,-73.924587846
14 St & 7 Ave,40.663848877,-73.98402524
Central Park W & W 97 St,40.79249519495111,-73.96417066463071
Rivington St & Ridge St,40.718535304,-73.983304143
14 St & 5 Ave,40.666313648,-73.989094377
Clark St & Henry St,40.69760127,-73.99344559
W 25 St & 6 Ave,40.743880987,-73.991275072
W 46 St & 11 Ave,40.76341379,-73.99667444
Lewis Ave & Kosciuszko St,40.692353368,-73.937061787
Clinton St & Tillary St,40.696146607,-73.991384506
E 116 St & 2 Ave,40.796879,-73.937261
Main St & Plymouth St,40.70378167354831,-73.99073392152786
Brooklyn Bridge Park - Pier 2,40.69867146,-73.99713552
Eldert St & Bushwick Ave,40.68652,-73.91321
43 St & 50 Ave,40.73787237950538,-73.92264068126678
Caton Ave & Argyle Rd,40.649681,-73.967829
5 Ave & E 93 St,40.785719633,-73.957667351
Carroll St & Washington Ave,40.668702602,-73.961777449
Amsterdam Ave & W 167 St,40.839582205,-73.937070608
St Mary's St & Jackson Ave,40.808891,-73.91081
Berry St & N 8 St,40.7190095,-73.95852515
Bergen St & Kingston Ave,40.675578356,-73.941459417
Lenox Ave & W 146 St,40.821006656,-73.936072588
Mt Morris Park W & W 120 St,40.804038,-73.945925
N 6 St & Bedford Ave,40.717502236,-73.958738208
Madison St & Woodward Ave,40.70408,-73.90408
Woodside Ave & Roosevelt Ave,40.74549,-73.90605
Sherman Ave & Thayer St,40.863475204,-73.927005053
Irving Ave & Halsey St,40.69467,-73.90663
Sterling St & Bedford Ave,40.66269803,-73.95669710600001
Prospect Pl & 6 Ave,40.6793307,-73.97519523
E 138 St & Willow Ave,40.804282665,-73.911733627
Central Ave & Woodbine St,40.692934394,-73.916038275
62 St & 43 Ave,40.74261,-73.903
Fort Washington Ave & W 173 St,40.84522,-73.940493
Macon St & Howard Ave,40.684522033,-73.920121551
W 18 St & 9 Ave,40.7435337324616,-74.00367558002472
Carlton Ave & St Marks Ave,40.678982854,-73.971828938
Pacific St & Troy Ave,40.67686,-73.93607
Macon St & Patchen Ave,40.68374,-73.9261
DeKalb Ave & S Portland Ave,40.689850807,-73.974883199
W 225 St & Exterior St,40.87327075,-73.906612039
Intervale Ave & Westchester Ave,40.821767449,-73.896947145
50 St & 30 Ave,40.760071278,-73.907141924
Calyer St & Jewel St,40.729822636,-73.948339462
St Nicholas Ave & W 137 St,40.818477,-73.947568
2 Ave & 36 St,40.65708866668485,-74.00870203971863
47 Ave & 48 St,40.74086,-73.91708
8 Ave & W 16 St,40.740983,-74.001702
Rivington St & Chrystie St,40.711620331,-73.96559763
Leonard St & Church St,40.717324495,-74.005500674
36 Ave & 31 St,40.756477356,-73.929434061
Audubon Ave & W 192 St,40.855910659,-73.926959395
Central Park S & 6 Ave,40.76590936,-73.97634151
31 St & Thomson Ave,40.74469738,-73.93540375
Broadway & E 21 St,40.732700348,-73.995155692
12 Ave & 36 St,40.643648863,-73.986376762
Bialystoker Pl & Delancey St,40.71622644,-73.98261206
Grand Ave & Bergen St,40.678045,-73.962408
Graham Ave & Grand St,40.711766601,-73.944031835
1 Ave & E 16 St,40.73221853,-73.98165557
11 Ave & W 59 St,40.77149671054441,-73.99046033620834
E 48 St & 5 Ave,40.75724567911726,-73.97805914282799
W 24 St & 7 Ave,40.74487634,-73.99529885
West End Ave & W 107 St,40.8021174,-73.9681805305
1 Ave & E 110 St,40.7923272,-73.9383
Sterling Pl & Schenectady Ave,40.671632171,-73.933885932
E 11 St & Avenue B,40.72746420692392,-73.97950418293476
Butler St & Court St,40.6849894,-73.99440329
Adam Clayton Powell Blvd & W 138 St,40.817001581,-73.942353964
Madison Ave & E 99 St,40.78948541553215,-73.95242929458618
Albany St & Greenwich St,40.709267,-74.013247
Skillman Ave & Honeywell St,40.7471482490328,-73.92902433872223
49 St & 25 Ave,40.764496,-73.904632
5 Ave & 41 St,40.649983,-74.005144
McKibbin St & Bogart St,40.706251979,-73.933898211
Broadway & Battery Pl,40.704623103,-74.013735175
State St & Smith St,40.68917,-73.9886
Washington St & Gansevoort St,40.739323,-74.008119
E 1 St & 1 Ave,40.72335597960796,-73.98864984512329
Park Ave & Marcus Garvey Blvd,40.698589921,-73.941391706
St Marks Pl & 1 Ave,40.727840304,-73.985696912
Metropolitan Ave & Meeker Ave,40.71413311,-73.95234386
Brooklyn Ave & Prospect Pl,40.67412,-73.94447
Bergen St & Troy Ave,40.675173998,-73.935737491
Frederick Douglass Blvd & W 145 St,40.822991371,-73.941476345
Columbia St & Kane St,40.68763155,-74.0016256
Columbia St & W 9 St,40.6769993,-74.00647134
Morgan Ave & Lombardy St,40.722548842,-73.938939214
Audobon Ave & W 179 St,40.847262502,-73.933246851
W 155 St & Frederick Douglass Blvd,40.82923,-73.936996
Bergen St & Saratoga Ave,40.67423,-73.91656
1 Ave & E 6 St,40.726226211,-73.986131191
Christopher St & Greenwich St,40.73291553,-74.00711384
E 26 St & 3 Ave,40.74069317733043,-73.98160636425018
E 114 St & 1 Ave,40.7945663,-73.9362541
5 Ave & 3 St,40.6728155,-73.98352355
W 100 St & Manhattan Ave,40.795,-73.9645
E 78 St & 2 Ave,40.7727966,-73.95577801
Greenwich St & Perry St,40.734790683,-74.007076144
Ashland Pl & Dekalb Ave,40.69006753,-73.978754163
DeKalb Ave & Franklin Ave,40.690613508,-73.957398057
Columbus Ave & W 72 St,40.776881814,-73.979168057
Pierrepont St & Monroe Pl,40.69535693320225,-73.99344027042389
Eastern Pkwy & Kingston Ave,40.669623017,-73.942760348
Tompkins Ave & Hopkins St,40.699678063,-73.947030306
58 St & 32 Ave,40.755612016,-73.90344584
W 218 St & Indian Rd,40.873054589370895,-73.91837194561958
N 15 St & Wythe Ave,40.724055,-73.955736
Monroe St & Marcus Garvey Blvd,40.686722,-73.938988
Stuyvesant Ave & Hart St,40.69465,-73.9343
W 147 St & Adam Clayton Powell Blvd,40.82281,-73.937413
E 158 St & Melrose Ave,40.822264671,-73.914613962
E 4 St & Ave B,40.72334683218016,-73.98265913128853
6 Ave & W 45 St,40.756951,-73.982631
Riverside Dr & W 82 St,40.78720869,-73.98128127
E 20 St & FDR Dr,40.733208626522426,-73.9756813647
2 Ave & E 122 St,40.800582647,-73.935006499
Laight St & Hudson St,40.72185379,-74.00771779
E 39 St & Lexington Ave,40.7494985460252,-73.97729203113158
E 48 St & 3 Ave,40.755249619,-73.97189486
Market St & Henry St,40.71310702305908,-73.99446353316307
West Drive & Prospect Park West,40.661164403,-73.979296565
E 22 St & 2 Ave,40.73716919369882,-73.98122549057007
61 St & Woodside Ave,40.74501,-73.9036
Alexander Ave & E 134 St,40.807347536,-73.927150488
Lafayette St & E 8 St,40.73020660529954,-73.99102628231049
Van Brunt St & Van Dyke St,40.6758329439129,-74.01472628116608
Carroll St & Columbia St,40.682935119,-74.003317237
Halsey St & Tompkins Ave,40.682416439,-73.944093585
Bridge St & York St,40.70133448066992,-73.98471236228943
Broadway & W 155 St,40.83299,-73.94592
33 St & 47 Ave,40.74281323,-73.93210578
W 47 St & 9 Ave,40.76153045158114,-73.99007007479668
11 St & 43 Ave,40.7519071,-73.9479119
21 Ave & Crescent St,40.78047514,-73.912228942
E 54 St & 1 Ave,40.756265,-73.964179
Canal St & Rutgers St,40.714251637,-73.989778638
E 58 St & 3 Ave,40.76095756,-73.96724467
Duane St & Hudson St,40.71703,-74.00925
E 41 St & Madison Ave (SE corner),40.752049,-73.979635
W 15 St & 6 Ave,40.738046142482766,-73.99642959237099
Bainbridge Ave & Bedford Park Blvd,40.87002,-73.88565
Liberty St & Broadway,40.70905623,-74.01043382
Bank St & Washington St,40.7361967,-74.00859207
W 12 St & Hudson St,40.73752993301071,-74.00558933615685
Hicks St & Montague St,40.69512845,-73.99595065
5 Ave & W 126 St,40.80722,-73.9418
5 Ave & E 72 St,40.77282817,-73.96685276
Central Park West & W 85 St,40.78476,-73.969862
48 St & Broadway,40.755695939,-73.912705898
Amsterdam Ave & W 79 St,40.782970905,-73.978534102
E 17 St & 2 Ave,40.734347582,-73.983978868
Myrtle Ave & Lewis Ave,40.696801901,-73.93753314
W 56 St & 6 Ave,40.76340613,-73.97722479
E 63 St & 3 Ave,40.763954,-73.9646
Menahan St & Wyckoff Ave,40.70113,-73.91422
5 St & 6 Ave,40.6704836,-73.98208968
Atlantic Ave & Furman St,40.69165183,-73.9999786
Wadsworth Ave & W 175 St,40.846026063,-73.937597752
Broadway & W 133 St,40.8190344,-73.956156
Madison St & Malcolm X Blvd,40.68713,-73.93008
Bushwick Ave & Dekalb Ave,40.694991708,-73.928197861
W 48 St &  Rockefeller Plaza,40.75776935448309,-73.97929430007935
20 Ave & 21 St,40.783925653,-73.912145376
Central Ave & Weirfield St,40.69055,-73.91181
Withers St & Kingsland Ave,40.71773,-73.94051
E 165 St & Clay Ave,40.828162193,-73.912856936
W 170 St & University Ave,40.842047334,-73.926028013
57 St & 37 Ave,40.75048,-73.90513
Henry St & W 9 St,40.6763744,-74.00324957
5 Ave & W 131 St,40.81012845,-73.939778924
Lincoln Ave & E 138 St,40.810893,-73.927311
E 103 St & Lexington Ave,40.7903051,-73.94755757
E 1 St & Bowery,40.72486122254819,-73.99213135242462
E 91 St & 2 Ave,40.781183481,-73.949843168
Pearl St & Hanover Square,40.7047177,-74.00926027
W 29 St & 9 Ave,40.7500727,-73.99839279
12 Ave & W 40 St,40.760907531,-74.002871275
Wyckoff Ave & Gates Ave,40.699871408829885,-73.91171872615814
Central Park West & W 72 St,40.798052669,-73.959934711
Schermerhorn St & Hoyt St,40.6886263,-73.9851911
1 Ave & E 18 St,40.73381219196632,-73.98054420948029
Metropolitan Ave & Bedford Ave,40.71534825,-73.96024116
Dean St & Franklin Ave,40.67759206937376,-73.955637216568
Court St & Nelson St,40.676292062,-73.998780489
McKibbin St & Manhattan Ave,40.705128908,-73.944024205
Riverside Dr & Broadway,40.865364,-73.92791
E 16 St & Irving Pl,40.735367055605394,-73.98797392845154
31 St & Newtown Ave,40.767574787,-73.921003342
E 84 St & Park Ave,40.77862688,-73.95772073
11 Ave & Prospect Ave,40.65629,-73.977335
21 St & Queens Plaza North,40.753356814,-73.943246126
W 181 St & Riverside Dr,40.85168,-73.94186
Murray St & West St,40.71503,-74.01246
E 138 St & Grand Concourse,40.8132658,-73.930682302
1 Ave & E 39 St,40.74714,-73.97113
31 St & 23 Ave,40.774919152,-73.912345052
Broad St & Bridge St,40.703652,-74.011678
43 Ave & 42 St,40.745351791,-73.922044873
Willoughby St & Ashland Pl,40.69178,-73.97877
Columbus Ave & W 103 St,40.797158122,-73.9642694
St Marks Pl & 2 Ave,40.728266954,-73.987220526
Maiden Ln & Pearl St,40.70706456,-74.00731853
Meserole Ave & Manhattan Ave,40.726932406,-73.952950954
Dyckman St & Staff St,40.868846,-73.931537
W 76 St & Columbus Ave,40.780185819,-73.977135777
West Broadway & Watts St,40.72323,-74.00314
Prospect Pl & Underhill Ave,40.676974535,-73.96575141
Bleecker St & Forest Ave,40.710687637,-73.905241132
Rogers Ave & Sterling St,40.6630619,-73.9538746
Adams St & Prospect St,40.700924754,-73.988881469
25 Ave & 41 St,40.767666,-73.910963
Park Ave & E 124 St,40.804599524,-73.939576149
Allen St & Hester St,40.71605866,-73.99190759
Amsterdam Ave & W 152 St,40.829464912,-73.944346189
Broadway & W 131 St,40.817555,-73.957163
W 30 St & 8 Ave,40.749565482,-73.995035052
W 163 St & Riverside Dr,40.839167476,-73.945419908
3 Ave & E 100 St,40.7877214,-73.94728331
E 118 St & Madison Ave,40.801458359,-73.944286823
E 23 St & 1 Ave,40.736556649,-73.978157163
W 87 St & Amsterdam Ave,40.788454533,-73.974915504
Riverside Dr & W 145 St,40.827309728,-73.951951623
Ft. Hamilton Pkwy & E 2 St,40.648005,-73.979342
E 97 St & 3 Ave,40.7859201,-73.94860294
E 115 St & Lexington Ave,40.797911,-73.9423
St Marks Ave & Rochester Ave,40.674070597,-73.927598476
E 9 St & 5 Ave,40.73275887045087,-73.99581670761108
W 34 St & Hudson Blvd E,40.75516719072139,-74.00059908628464
Carlton Ave & Park Ave,40.69580705,-73.97355569
Washington Ave & Park Ave,40.69610226,-73.96751037
White St & Moore St,40.704508,-73.9351
35 St & 21 Ave,40.776816726,-73.906522512
Sullivan Pl & Franklin Ave,40.664040089,-73.960121036
35 St & 34 Ave,40.7580583,-73.9242751
Lincoln Pl & Classon Ave,40.6721683,-73.9609
Carroll St & 5 Ave,40.6751622,-73.9814832
West End Ave & W 94 St,40.7941654,-73.974124
E 58 St & Madison Ave,40.76302594280519,-73.97209525108337
Madison Av & E 51 St,40.75863,-73.97513
1 Ave & E 94 St,40.7817212,-73.94594
Frederick Douglass Blvd & W 139 St,40.81900581806558,-73.94476890563965
Graham Ave & Conselyea St,40.715102196,-73.94454062
E 75 St & 3 Ave,40.771174192,-73.957584858
Lorimer St & Broadway,40.70411791,-73.94818595
W 40 St & 5 Ave,40.752269,-73.982079
Central Ave & Melrose St,40.70112,-73.93039
7 St & 5 Ave,40.6704922,-73.98541675
35 St & Broadway,40.760232449,-73.922405958
55 Dr & Maurice Ave,40.7261,-73.90917
Church Ave & McDonald Ave,40.642809,-73.979239
Ditmars Blvd & 79 St,40.768778682,-73.89080286
St. Nicholas Ave & W 155 St,40.830599666,-73.94134891
Columbia St & Lorraine St,40.6747055,-74.0075572
71 Ave & Myrtle Ave,40.700726151,-73.898973107
Harman St & Seneca Ave,40.70577,-73.91292
35 Ave & 37 St,40.7557327,-73.9236611
Malcolm X Blvd & DeKalb Ave,40.693767071,-73.931190729
Verona Pl & Fulton St,40.6803560840434,-73.9476791024208
Willoughby Ave & Onderdonk Ave,40.709796786,-73.917331576
Bushwick Ave & Stagg St,40.710000277,-73.940140963
Irving Ave & Jefferson St,40.705425262,-73.925474286
16th St & 4th Ave,40.666197,-73.992466
Wythe Ave & Metropolitan Ave,40.716887,-73.963198
Lexington Ave & E 127 St,40.805726,-73.936322
W 52 St & 11 Ave,40.767479062,-73.994419575
7 Ave S & Bleecker St,40.731922507,-74.003694415
Water St &  Fletcher St,40.706410755236135,-74.00559738278389
Barclay St & Church St,40.71291224,-74.01020234
Howard St & Lafayette St,40.71910537,-73.99973337
Icahn Stadium,40.7935009,-73.923891783
Steinway St & Broadway,40.759079218,-73.91895473
Lexington Ave & Stuyvesant Ave,40.689754248,-73.933590293
7 Ave & 17 St,40.660787702,-73.986945987
28 St & 36 Ave,40.757186,-73.932719
E 2 St & Avenue B,40.722239137,-73.983490109
Kingsland Ave & Nassau Ave,40.725693941,-73.941765308
Clinton Ave & Myrtle Ave,40.693323731,-73.968865871
Edgecombe Ave & W 150 St,40.826891541,-73.941418529
S 5 Pl & S 5 St,40.710451,-73.960876
Division Ave & Hooper St,40.70684203101325,-73.9544353965357
Hancock St & Malcolm X Blvd,40.68487,-73.9293
Spruce St & Nassau St,40.71146364,-74.00552427
North Moore St & Greenwich St,40.72019521437465,-74.0103006362915
E 14 St & 1 Ave,40.73139303364151,-73.98286700248718
Watts St & Greenwich St,40.72405549,-74.00965965
E 115 St & Madison Ave,40.7989445,-73.944846
Broadway & W 160 St,40.835775,-73.9434
1 Pl & Clinton St,40.6809591,-73.99905709
W Broadway & Spring St,40.724991322,-74.001642108
Stagg St & Union Ave,40.708657384,-73.950851798
W 190 St & Broadway,40.85648733523576,-73.93296986818314
Underhill Ave & Lincoln Pl,40.6740123,-73.9671457
Ave A & E 11 St,40.728877902,-73.981582046
Clermont Ave & Park Ave,40.69573398,-73.97129668
Bergen St & Flatbush Ave,40.680948019,-73.975665927
W 20 St & 7 Ave,40.742309332,-73.997409582
E 33 St & 1 Ave,40.74322681432173,-73.97449783980846
E 95 St & 3 Ave,40.7849032,-73.950503
King St & Varick St,40.72789701409023,-74.00536268949507
Broadway & Kosciuszko St,40.693484426,-73.92866683
E 59 St & Madison Ave,40.76350532,-73.97109243
St James Pl & Oliver St,40.713132858,-73.998414278
Prospect Park SW & Vanderbilt St,40.65482,-73.973217
Johnson St & Gold St,40.69474881,-73.98362464
Columbia St & Rivington St,40.71739973,-73.98016555
Greenwich St & Rector St,40.70806582380646,-74.0135595202446
Decatur Ave & Bedford Park Blvd,40.868107557,-73.883977056
Wyckoff St & 3 Ave,40.6827549,-73.98258555
Irving Ave & DeKalb Ave,40.702738285,-73.921278238
Pacific St & Nostrand Ave,40.6776,-73.94963
St Marks Pl & 4 Ave,40.68177810928762,-73.97988975048065
W 145 St & Amsterdam Ave,40.825244,-73.947257
Knickerbocker Ave & George St,40.704408646,-73.928308845
Lewis Ave & Decatur St,40.681407928,-73.934855342
35 St & 30 Ave,40.76547569244953,-73.91811579465866
Nagle Ave & Ellwood St,40.860154271,-73.928498507
Carlton Ave & Flushing Ave,40.697787,-73.973736
Grand Ave & W Fordham Rd,40.862952232,-73.903099775
Cedar St & Myrtle Ave,40.697842,-73.926241
E 161 St & River Ave,40.827951074,-73.927161694
Fulton St & Utica Ave,40.679437876,-73.929977536
Ave C & E 16 St,40.72984830346529,-73.97455215454102
Jefferson Ave & Evergreen Ave,40.689959884,-73.914490581
E 84 St & 1 Ave,40.77565541,-73.95068615
E 5 St & Avenue C,40.72299208,-73.97995466
Central Park W & W 103 St,40.79558954105342,-73.96188408136368
Carroll St & Smith St,40.680611,-73.99475825
Lafayette Ave & Ft Greene Pl,40.68700231292619,-73.97664964199066
W 4 St & 7 Ave S,40.73401143,-74.00293877
Grand St & Greene St,40.721809506,-74.002468467
5 Ave & 66 St,40.635679,-74.020005
E 7 St & Ave C,40.724400997,-73.979171038
W 45 St & 8 Ave,40.75929124,-73.98859651
Ave A & E 14 St,40.73031071000895,-73.98047178983688
Plaza St East & Flatbush Ave,40.673197508,-73.969174385
E 11 St & 1 Ave,40.729607582,-73.984367251
Bedford Ave & Bergen St,40.676446199,-73.952907801
9 Ave & W 39 St,40.756229758,-73.994085431
Lafayette St & Jersey St,40.72456089,-73.99565293
Bergen St & Smith St,40.6867443,-73.99063168
Pulaski St & Marcus Garvey Blvd,40.693436503,-73.939875484
3 Ave & E 72 St,40.7699426,-73.96060712
Broadway & W 36 St,40.75097711,-73.98765428
Concourse Village East & E 158 St,40.823732,-73.919379
Chauncey St & Stuyvesant Ave,40.680156827,-73.931731462
Richardson St & N Henry St,40.719099522,-73.942227602
20 Ave & 48 St,40.772899,-73.896849
Gerard Ave & E 164 St,40.830242991,-73.923453569
Hamilton Pl & W 140 St,40.822856069,-73.951205254
Willis Ave & E 137 St,40.808238387,-73.923708677
1 Ave & E 68 St,40.765112281,-73.958115339
W 211 St & 10 Ave,40.867139697,-73.917428136
Madison Ave & E 26 St,40.742314339,-73.986875653
E 58 St & 1 Ave (NE Corner),40.75892386377695,-73.96226227283478
W 47 St & 10 Ave,40.762687802,-73.992940664
Degraw St & Hoyt St,40.68199044270703,-73.99079024791718
Prospect Park SW & 10 Ave,40.659945,-73.977504
E 13 St & Avenue A,40.72966729392978,-73.98067966103554
Broadway & W 37 St,40.75172632,-73.98753523
Lenox Ave & W 133 St,40.813164473,-73.941823483
44 Dr & Jackson Ave,40.74718234,-73.9432635
Gramercy Park N & Gramercy Park E,40.73795,-73.98509
Broadway & Ellwood St,40.862058,-73.929719
Riverside Blvd & W 67 St,40.777507027547976,-73.98888587951659
Brook Ave & E 141 St,40.809646964,-73.917852283
W 74 St & Columbus Ave,40.7785669,-73.97754961
W 186 St & St. Nicholas Ave,40.852253,-73.931308
Kingston Ave & Herkimer St,40.679029346,-73.941439748
Brooklyn Ave & Dean St,40.67673564,-73.944264412
Newton Rd & 44 St,40.7595701,-73.9142678
Milton St & Franklin St,40.729093552,-73.957677603
Amsterdam Ave & W 183 St,40.849123001,-73.930300951
Sherman Ave & E 166 St,40.83130549267296,-73.91744792461395
Chauncey St & Howard Ave,40.681583405,-73.919528127
Jerome Ave & Ogden Ave,40.829797,-73.931015
Louis Nine Blvd & Intervale Ave,40.831998,-73.892686
Jerome Ave & W 177 St,40.850121,-73.910765
Motorgate,40.7639089,-73.9477213
Southern Blvd & E 174 St,40.836686254,-73.887885928
3 Ave & E 169 St,40.832661271,-73.905168295
2 Ave & 32 St,40.659176,-74.006584
42 Pl & Northern Blvd,40.753091,-73.920603
Huron St & Franklin St,40.73266,-73.95826
Hoe Ave & Jennings St,40.83220613,-73.88971591
W Burnside Ave & University Ave,40.853686,-73.912498
Broadway & Hancock St,40.68663,-73.9168
Grand Concourse & E 161 St,40.827351928,-73.92264533
34 St & 38 Ave,40.752443,-73.929737
67 St & Erik Pl,40.633533001,-74.016648293
Home St & Westchester Ave,40.827762246,-73.886748672
Skillman Ave & 43 Ave,40.74653761978055,-73.93215849995613
Schenectady Ave & Prospect Pl,40.67351,-73.93363
Madison St & Seneca Ave,40.70183,-73.90625
52 St & 1 Ave,40.649299145,-74.020101428
Anderson Ave & W 164 St,40.83202517,-73.927530169
2 Av & 37 St,40.656326,-74.009627
E 149 St & Jackson Ave,40.813190341,-73.909409881
Skillman Ave & 54 St,40.745502,-73.909887
Sedgwick Ave & W Tremont Ave,40.853073597,-73.918438315
Tiebout Ave & E Fordham Road,40.861794353,-73.894944906
Crescent St & Broadway,40.763260841,-73.928625584
Morris Ave & E 142 St,40.814420223,-73.924967885
Grand Concourse & E 156 St,40.823356867,-73.92469883
Melrose Ave & E 154 St,40.819606662,-73.916137576
Halsey St & Broadway,40.68565,-73.91564
Coffey St & Conover St,40.677236,-74.015665
Southern Blvd & E 172 St,40.834226847,-73.889516115
E 153 St & E 157 St,40.826677,-73.929327
Freeman St & Southern Blvd,40.830091,-73.892297029
67 Ave & Fresh Pond Rd,40.705826759,-73.896864176
E 163 St & Union Ave,40.822529078,-73.901830196
Green St & McGuinness Blvd,40.73396,-73.95204
Convent Ave & W 151 St,40.828707099,-73.942616105
Columbus Pl & Atlantic Ave,40.67719543,-73.922818065
Schenectady Ave & Pacific St,40.676844954,-73.93314147
Central Ave & Himrod St,40.69676,-73.92302
Shakespeare Ave & W 169 St,40.839312,-73.922423
E 142 St & 3 Ave,40.812735,-73.923697
Lincoln Ave & E 134 St,40.808546305,-73.928771615
Morris Ave & E 163 St,40.827230499624726,-73.91765579597632
St Ann's Ave & Westchester Ave,40.815776348,-73.912008405
Ditmars Blvd & 76 St,40.768442,-73.893531
University Ave & W 168 St,40.838847518,-73.92708981
Willow Ave & E 133 St,40.800926924,-73.913864017
37 Ave & 35 St,40.7531106,-73.9279917
Tiebout Ave & E 184 St,40.858521223,-73.896272063
Somers St & Broadway,40.679455519,-73.90471065
Buffalo Ave & St Johns Pl,40.67015,-73.92538
44 St & 6 Ave,40.64707005,-74.004401565
44 St & Greenpoint Ave,40.741099358,-73.92103827
3 Ave & E 172 St,40.839587331,-73.900299788
Thomas S. Boyland St & Macon St,40.68491,-73.91493
Fulton St & Saratoga Ave,40.678542614,-73.916487336
30 St & 48 Ave,40.741249323,-73.93787539
Chauncey St & Malcolm X Blvd,40.68044,-73.92842
W 168th S & Fort Washington Ave,40.841951966,-73.942139864
Cedar St & Evergreen Ave,40.69671,-73.92807
65 Pl & Woodside Ave,40.743301392,-73.899020076
Sullivan Pl & Bedford Ave,40.664224982,-73.95751667
Pioneer St & Richards St,40.6777748,-74.0094613
Prospect Ave & E 151 St,40.814232,-73.903927
Coffey St & Ferris St,40.67818387977647,-74.0170168876648
Bushwick Ave & McKibbin St,40.705517,-73.93936
Dwight St & Van Dyke St,40.67363551341504,-74.01195555925369
Van Sinderen Ave & Atlantic Ave,40.676239014,-73.903494
E 149 St & Park Ave,40.818154,-73.925294
E Burnside Ave & Ryer Ave,40.850497723,-73.901286125
Amsterdam Ave & W 189 St,40.853279114,-73.92712605
Boston Rd & E 167 St,40.828199,-73.903719
Southern Blvd & E 175 St,40.839335,-73.886445
Boone Ave & E 172 St,40.832769513,-73.885317683
45 Ave & 21 St,40.747377992,-73.947982073
20 Ave & 42 St,40.775415,-73.900063
44 St & 48 Ave,40.73941387498411,-73.92131969332695
48 Ave & 37 St,40.74034668087185,-73.92886072397232
Garrison Ave & Manida St,40.818743,-73.890247
Broadway & Furman Ave,40.68139,-73.90756
Bailey Ave & Sedgwick Ave,40.865562081,-73.908584476
Ogden Ave & W 165 St,40.834457,-73.928381
Aqueduct Ave & North St,40.860223413,-73.905819297
Anthony Ave & E Tremont Ave,40.848817825,-73.90318346
Popham Ave & W 174 St,40.847746,-73.922079
Nelson Ave & 167 St,40.83670566862804,-73.92608866095543
Macombs Rd & Featherbed Ln,40.84552,-73.91722
St Felix Ave & 61 St,40.69715,-73.8936
21 St & 31 Dr,40.7659,-73.930819
20 Ave & 31 St,40.78001336610564,-73.90667617321014
Bergen St & Mother Gaston Blvd,40.673820972,-73.908565044
E 188 St & Creston Ave,40.861574888,-73.898364544
40 Ave & Crescent St,40.7535992020056,-73.93795609474182
Broadway & 12 St,40.7668,-73.9347774
9 St & 44 Rd,40.74966,-73.9521
St Johns Pl & Utica Ave,40.6705,-73.9308
Yankee Ferry Terminal,40.68706579875912,-74.01675585121666
Amsterdam Ave & W 180 St,40.8474617,-73.931168318
Vernon Blvd & 10 St,40.7671863,-73.9373554
Park Pl & Buffalo Ave,40.67202,-73.92539
24 St & 38 Ave,40.756351,-73.936515
Jerome Ave & W 193 St,40.866577268,-73.89802289
60 St & 37 Ave,40.74958,-73.90256
30 Ave & 21 St,40.7703743,-73.9286078
36 Ave & 10 St,40.7614376,-73.9411265
24 Ave & 29 St,40.77273035,-73.91584003
43 St & 37 Ave,40.750181,-73.919998
University Ave & Macombs Rd,40.8496401,-73.9161206
28 Ave & 35 St,40.7671,-73.9169858
Sedgwick Ave & W Burnside Ave,40.85499692,-73.916642427
53 St & Roosevelt Ave,40.74462,-73.91143
Inwood Ave & W 170 St,40.840536,-73.919228
W Tremont Ave & Grand Ave,40.850113988,-73.912860394
39 Ave & 56 St,40.748349667,-73.906898141
Featherbed Ln & Nelson Ave,40.846011,-73.919637
E 147 St & Bergen Ave,40.814640641,-73.918248057
Amsterdam Ave & W 186 St,40.85095489,-73.928772926
35 Ave & 10 St,40.763227224,-73.940000415
31 St & 21 Ave,40.77813,-73.90842
18 St & 27 Ave,40.772768286288304,-73.92743647098541
E 182 St & Morris Ave,40.856606007,-73.902687669
Myrtle Ave & 65 St,40.701252699,-73.890431881
Loring Pl North & W 183 St,40.860513091,-73.909515619
20 Ave & Shore Blvd,40.785994,-73.915098
Grand Concourse & E 192 St,40.864635348,-73.895163655
St. Ann's Ave & E 144 St,40.811112,-73.914932
23 Ave & 27 St,40.776165,-73.9153175
Brook Ave & E 148 St,40.814429641,-73.91529119
E 171 St & Webster Ave,40.838373184,-73.905810714
57 Rd & 58 St,40.722344279,-73.912292719
E 170 St & Clay Ave,40.837223887,-73.908328056
Paul Ave & W 205 St,40.877102256,-73.88938272
59 St & 4 Ave,40.641300201,-74.017662644
Cooper Ave & 65 Pl,40.69953,-73.88873
Freeman St & Reverend James A Polite Ave,40.830531478,-73.894679308
Mount Eden Pkwy & Eastburn Ave,40.842675,-73.908544
E 170 St & Sheridan Ave,40.838310242,-73.912391543
Keegan Rd & 2 Ave,40.64243139706092,-74.0255355834961
Morris Ave & E Burnside Ave,40.85322,-73.90546
64 St & 3 Ave,40.639978,-74.02324
Grand Concourse & E 203 St,40.873656034,-73.88669908
Walton Ave & E 171 St,40.840702772,-73.915150523
Grand Concourse & E Mosholu Pkwy S,40.877824187,-73.884748101
W Mosholu Pkwy S & Sedgwick Ave,40.88226,-73.88702
W Tremont Ave & Montgomery Ave,40.851824999,-73.916368365
21 St & 21 Ave,40.782574058,-73.914443612
65 St & Broadway,40.7493722738996,-73.89738768339157
St Marks Ave & Thomas S. Boyland St,40.673141003,-73.913853168
Washington Ave & E 174 St,40.843134165,-73.900216341
Amory Ct & Metropolitan Ave,40.71301,-73.90968
64 St & Woodbine St,40.708083868,-73.895565629
54 St & 37 Ave,40.750810742,-73.908104181
Aqueduct Ave & W 190 St,40.86505723,-73.902362943
Grand Concourse & E 199 St,40.87142,-73.88839
Morris Ave & E 184 St,40.86008,-73.90079
Morgan Loading Docks,40.709634781,-73.931416273
Goulden Ave & W 197 St,40.87156,-73.89714
Summerfield St & Cypress Ave,40.696499705,-73.900631547
Picnic Point,40.68512559515415,-74.02535319328308
Metropolitan Ave & Flushing Ave,40.71334,-73.91572
9 Ave & W 204 St,40.86169883507865,-73.91855701804161
Fresh Pond Rd & Eliot Ave,40.714380503,-73.901013374
60 St & 60 Rd,40.715906858,-73.905973077
57 St & Grand Ave,40.719233155,-73.912368298
Lab - NYC,40.75404038449624,-73.99646580219269
Dey St,40.737711,-74.066921
63 St & 59 Dr,40.71832,-73.90128
Morris Canal,40.7124188237569,-74.03852552175522
Heights Elevator,40.74871594538023,-74.04044330120087
Bloomfield St & 15 St,40.75453,-74.02658
Pier 40 Dock Station,40.72865963236461,-74.0119797096122
Pier 40 X2,40.728486861173785,-74.01169271324761
Madison St & 10 St,40.74994325412246,-74.03586477041245
Bergen Ave & Stegman St,40.70657545063453,-74.0867006778717
McGinley Square,40.7253399253558,-74.06762212514877
59 St & 59 Rd,40.71790852734058,-73.908454477787
Bergen Ave & Sip Ave,40.73100888698729,-74.06443700194359
12 St & Sinatra Dr N,40.75060414236896,-74.02402013540268
Essex Light Rail,40.7127742,-74.0364857
Harborside,40.7192517,-74.034234
Hudson St & 4 St,40.74097260864355,-74.02860336005688
City Hall - Washington St & 1 St,40.73736,-74.03097
Hilltop,40.7311689,-74.0575736
Morgan Bike Mechanics,40.70962789682351,-73.93145710229872
Marin Light Rail,40.71458403535893,-74.04281705617905
14 St Ferry - 14 St & Shipyard Ln,40.75296063046496,-74.02435272932053
